timestamp,store_id,available_riders,required_riders,orders_per_rider_hour,rider_shortage_count,shortage_severity
2026-10-08T00:00:00+05:30,STORE_001,10,4,4.0,0,NONE
2026-10-08T00:00:00+05:30,STORE_002,8,5,3.5,0,NONE
2026-10-08T00:00:00+05:30,STORE_003,8,5,3.5,0,NONE
2026-10-08T00:00:00+05:30,STORE_004,8,5,3.5,0,NONE
2026-10-08T00:00:00+05:30,STORE_005,8,5,3.5,0,NONE
2026-10-08T00:00:00+05:30,STORE_006,8,5,3.5,0,NONE
2026-10-08T00:00:00+05:30,STORE_007,8,5,3.5,0,NONE
2026-10-08T00:00:00+05:30,STORE_008,8,5,3.5,0,NONE
2026-10-08T00:00:00+05:30,STORE_009,8,5,3.5,0,NONE
2026-10-08T00:00:00+05:30,STORE_010,8,5,3.5,0,NONE
2026-10-08T00:00:00+05:30,STORE_011,8,5,3.5,0,NONE
2026-10-08T00:00:00+05:30,STORE_012,8,5,3.5,0,NONE
2026-10-08T00:00:00+05:30,STORE_013,8,5,3.5,0,NONE
2026-10-08T00:00:00+05:30,STORE_014,8,5,3.5,0,NONE
2026-10-08T00:00:00+05:30,STORE_015,8,5,3.5,0,NONE
2026-10-08T00:00:00+05:30,STORE_016,8,5,3.5,0,NONE
2026-10-08T00:00:00+05:30,STORE_017,8,5,3.5,0,NONE
2026-10-08T00:00:00+05:30,STORE_018,8,5,3.5,0,NONE
2026-10-08T00:00:00+05:30,STORE_019,8,5,3.5,0,NONE
2026-10-08T00:00:00+05:30,STORE_020,8,5,3.5,0,NONE
2026-10-08T00:00:00+05:30,STORE_021,8,5,3.5,0,NONE
2026-10-08T00:00:00+05:30,STORE_022,8,5,3.5,0,NONE
2026-10-08T00:00:00+05:30,STORE_023,8,5,3.5,0,NONE
2026-10-08T00:00:00+05:30,STORE_024,8,5,3.5,0,NONE
2026-10-08T00:00:00+05:30,STORE_025,8,5,3.5,0,NONE
2026-10-08T00:00:00+05:30,STORE_026,8,5,3.5,0,NONE
2026-10-08T00:00:00+05:30,STORE_027,8,5,3.5,0,NONE
2026-10-08T00:00:00+05:30,STORE_028,8,5,3.5,0,NONE
2026-10-08T00:00:00+05:30,STORE_029,8,5,3.5,0,NONE
2026-10-08T00:00:00+05:30,STORE_030,8,5,3.5,0,NONE
2026-10-08T01:00:00+05:30,STORE_001,10,4,4.0,0,NONE
2026-10-08T01:00:00+05:30,STORE_002,8,5,3.5,0,NONE
2026-10-08T01:00:00+05:30,STORE_003,8,5,3.5,0,NONE
2026-10-08T01:00:00+05:30,STORE_004,8,5,3.5,0,NONE
2026-10-08T01:00:00+05:30,STORE_005,8,5,3.5,0,NONE
2026-10-08T01:00:00+05:30,STORE_006,8,5,3.5,0,NONE
2026-10-08T01:00:00+05:30,STORE_007,8,5,3.5,0,NONE
2026-10-08T01:00:00+05:30,STORE_008,8,5,3.5,0,NONE
2026-10-08T01:00:00+05:30,STORE_009,8,5,3.5,0,NONE
2026-10-08T01:00:00+05:30,STORE_010,8,5,3.5,0,NONE
2026-10-08T01:00:00+05:30,STORE_011,8,5,3.5,0,NONE
2026-10-08T01:00:00+05:30,STORE_012,8,5,3.5,0,NONE
2026-10-08T01:00:00+05:30,STORE_013,8,5,3.5,0,NONE
2026-10-08T01:00:00+05:30,STORE_014,8,5,3.5,0,NONE
2026-10-08T01:00:00+05:30,STORE_015,8,5,3.5,0,NONE
2026-10-08T01:00:00+05:30,STORE_016,8,5,3.5,0,NONE
2026-10-08T01:00:00+05:30,STORE_017,8,5,3.5,0,NONE
2026-10-08T01:00:00+05:30,STORE_018,8,5,3.5,0,NONE
2026-10-08T01:00:00+05:30,STORE_019,8,5,3.5,0,NONE
2026-10-08T01:00:00+05:30,STORE_020,8,5,3.5,0,NONE
2026-10-08T01:00:00+05:30,STORE_021,8,5,3.5,0,NONE
2026-10-08T01:00:00+05:30,STORE_022,8,5,3.5,0,NONE
2026-10-08T01:00:00+05:30,STORE_023,8,5,3.5,0,NONE
2026-10-08T01:00:00+05:30,STORE_024,8,5,3.5,0,NONE
2026-10-08T01:00:00+05:30,STORE_025,8,5,3.5,0,NONE
2026-10-08T01:00:00+05:30,STORE_026,8,5,3.5,0,NONE
2026-10-08T01:00:00+05:30,STORE_027,8,5,3.5,0,NONE
2026-10-08T01:00:00+05:30,STORE_028,8,5,3.5,0,NONE
2026-10-08T01:00:00+05:30,STORE_029,8,5,3.5,0,NONE
2026-10-08T01:00:00+05:30,STORE_030,8,5,3.5,0,NONE
2026-10-08T02:00:00+05:30,STORE_001,10,4,4.0,0,NONE
2026-10-08T02:00:00+05:30,STORE_002,8,5,3.5,0,NONE
2026-10-08T02:00:00+05:30,STORE_003,8,5,3.5,0,NONE
2026-10-08T02:00:00+05:30,STORE_004,8,5,3.5,0,NONE
2026-10-08T02:00:00+05:30,STORE_005,8,5,3.5,0,NONE
2026-10-08T02:00:00+05:30,STORE_006,8,5,3.5,0,NONE
2026-10-08T02:00:00+05:30,STORE_007,8,5,3.5,0,NONE
2026-10-08T02:00:00+05:30,STORE_008,8,5,3.5,0,NONE
2026-10-08T02:00:00+05:30,STORE_009,8,5,3.5,0,NONE
2026-10-08T02:00:00+05:30,STORE_010,8,5,3.5,0,NONE
2026-10-08T02:00:00+05:30,STORE_011,8,5,3.5,0,NONE
2026-10-08T02:00:00+05:30,STORE_012,8,5,3.5,0,NONE
2026-10-08T02:00:00+05:30,STORE_013,8,5,3.5,0,NONE
2026-10-08T02:00:00+05:30,STORE_014,8,5,3.5,0,NONE
2026-10-08T02:00:00+05:30,STORE_015,8,5,3.5,0,NONE
2026-10-08T02:00:00+05:30,STORE_016,8,5,3.5,0,NONE
2026-10-08T02:00:00+05:30,STORE_017,8,5,3.5,0,NONE
2026-10-08T02:00:00+05:30,STORE_018,8,5,3.5,0,NONE
2026-10-08T02:00:00+05:30,STORE_019,8,5,3.5,0,NONE
2026-10-08T02:00:00+05:30,STORE_020,8,5,3.5,0,NONE
2026-10-08T02:00:00+05:30,STORE_021,8,5,3.5,0,NONE
2026-10-08T02:00:00+05:30,STORE_022,8,5,3.5,0,NONE
2026-10-08T02:00:00+05:30,STORE_023,8,5,3.5,0,NONE
2026-10-08T02:00:00+05:30,STORE_024,8,5,3.5,0,NONE
2026-10-08T02:00:00+05:30,STORE_025,8,5,3.5,0,NONE
2026-10-08T02:00:00+05:30,STORE_026,8,5,3.5,0,NONE
2026-10-08T02:00:00+05:30,STORE_027,8,5,3.5,0,NONE
2026-10-08T02:00:00+05:30,STORE_028,8,5,3.5,0,NONE
2026-10-08T02:00:00+05:30,STORE_029,8,5,3.5,0,NONE
2026-10-08T02:00:00+05:30,STORE_030,8,5,3.5,0,NONE
2026-10-08T03:00:00+05:30,STORE_001,10,4,4.0,0,NONE
2026-10-08T03:00:00+05:30,STORE_002,8,5,3.5,0,NONE
2026-10-08T03:00:00+05:30,STORE_003,8,5,3.5,0,NONE
2026-10-08T03:00:00+05:30,STORE_004,8,5,3.5,0,NONE
2026-10-08T03:00:00+05:30,STORE_005,8,5,3.5,0,NONE
2026-10-08T03:00:00+05:30,STORE_006,8,5,3.5,0,NONE
2026-10-08T03:00:00+05:30,STORE_007,8,5,3.5,0,NONE
2026-10-08T03:00:00+05:30,STORE_008,8,5,3.5,0,NONE
2026-10-08T03:00:00+05:30,STORE_009,8,5,3.5,0,NONE
2026-10-08T03:00:00+05:30,STORE_010,8,5,3.5,0,NONE
2026-10-08T03:00:00+05:30,STORE_011,8,5,3.5,0,NONE
2026-10-08T03:00:00+05:30,STORE_012,8,5,3.5,0,NONE
2026-10-08T03:00:00+05:30,STORE_013,8,5,3.5,0,NONE
2026-10-08T03:00:00+05:30,STORE_014,8,5,3.5,0,NONE
2026-10-08T03:00:00+05:30,STORE_015,8,5,3.5,0,NONE
2026-10-08T03:00:00+05:30,STORE_016,8,5,3.5,0,NONE
2026-10-08T03:00:00+05:30,STORE_017,8,5,3.5,0,NONE
2026-10-08T03:00:00+05:30,STORE_018,8,5,3.5,0,NONE
2026-10-08T03:00:00+05:30,STORE_019,8,5,3.5,0,NONE
2026-10-08T03:00:00+05:30,STORE_020,8,5,3.5,0,NONE
2026-10-08T03:00:00+05:30,STORE_021,8,5,3.5,0,NONE
2026-10-08T03:00:00+05:30,STORE_022,8,5,3.5,0,NONE
2026-10-08T03:00:00+05:30,STORE_023,8,5,3.5,0,NONE
2026-10-08T03:00:00+05:30,STORE_024,8,5,3.5,0,NONE
2026-10-08T03:00:00+05:30,STORE_025,8,5,3.5,0,NONE
2026-10-08T03:00:00+05:30,STORE_026,8,5,3.5,0,NONE
2026-10-08T03:00:00+05:30,STORE_027,8,5,3.5,0,NONE
2026-10-08T03:00:00+05:30,STORE_028,8,5,3.5,0,NONE
2026-10-08T03:00:00+05:30,STORE_029,8,5,3.5,0,NONE
2026-10-08T03:00:00+05:30,STORE_030,8,5,3.5,0,NONE
2026-10-08T04:00:00+05:30,STORE_001,10,4,4.0,0,NONE
2026-10-08T04:00:00+05:30,STORE_002,8,5,3.5,0,NONE
2026-10-08T04:00:00+05:30,STORE_003,8,5,3.5,0,NONE
2026-10-08T04:00:00+05:30,STORE_004,8,5,3.5,0,NONE
2026-10-08T04:00:00+05:30,STORE_005,8,5,3.5,0,NONE
2026-10-08T04:00:00+05:30,STORE_006,8,5,3.5,0,NONE
2026-10-08T04:00:00+05:30,STORE_007,8,5,3.5,0,NONE
2026-10-08T04:00:00+05:30,STORE_008,8,5,3.5,0,NONE
2026-10-08T04:00:00+05:30,STORE_009,8,5,3.5,0,NONE
2026-10-08T04:00:00+05:30,STORE_010,8,5,3.5,0,NONE
2026-10-08T04:00:00+05:30,STORE_011,8,5,3.5,0,NONE
2026-10-08T04:00:00+05:30,STORE_012,8,5,3.5,0,NONE
2026-10-08T04:00:00+05:30,STORE_013,8,5,3.5,0,NONE
2026-10-08T04:00:00+05:30,STORE_014,8,5,3.5,0,NONE
2026-10-08T04:00:00+05:30,STORE_015,8,5,3.5,0,NONE
2026-10-08T04:00:00+05:30,STORE_016,8,5,3.5,0,NONE
2026-10-08T04:00:00+05:30,STORE_017,8,5,3.5,0,NONE
2026-10-08T04:00:00+05:30,STORE_018,8,5,3.5,0,NONE
2026-10-08T04:00:00+05:30,STORE_019,8,5,3.5,0,NONE
2026-10-08T04:00:00+05:30,STORE_020,8,5,3.5,0,NONE
2026-10-08T04:00:00+05:30,STORE_021,8,5,3.5,0,NONE
2026-10-08T04:00:00+05:30,STORE_022,8,5,3.5,0,NONE
2026-10-08T04:00:00+05:30,STORE_023,8,5,3.5,0,NONE
2026-10-08T04:00:00+05:30,STORE_024,8,5,3.5,0,NONE
2026-10-08T04:00:00+05:30,STORE_025,8,5,3.5,0,NONE
2026-10-08T04:00:00+05:30,STORE_026,8,5,3.5,0,NONE
2026-10-08T04:00:00+05:30,STORE_027,8,5,3.5,0,NONE
2026-10-08T04:00:00+05:30,STORE_028,8,5,3.5,0,NONE
2026-10-08T04:00:00+05:30,STORE_029,8,5,3.5,0,NONE
2026-10-08T04:00:00+05:30,STORE_030,8,5,3.5,0,NONE
2026-10-08T05:00:00+05:30,STORE_001,10,4,4.0,0,NONE
2026-10-08T05:00:00+05:30,STORE_002,8,5,3.5,0,NONE
2026-10-08T05:00:00+05:30,STORE_003,8,5,3.5,0,NONE
2026-10-08T05:00:00+05:30,STORE_004,8,5,3.5,0,NONE
2026-10-08T05:00:00+05:30,STORE_005,8,5,3.5,0,NONE
2026-10-08T05:00:00+05:30,STORE_006,8,5,3.5,0,NONE
2026-10-08T05:00:00+05:30,STORE_007,8,5,3.5,0,NONE
2026-10-08T05:00:00+05:30,STORE_008,8,5,3.5,0,NONE
2026-10-08T05:00:00+05:30,STORE_009,8,5,3.5,0,NONE
2026-10-08T05:00:00+05:30,STORE_010,8,5,3.5,0,NONE
2026-10-08T05:00:00+05:30,STORE_011,8,5,3.5,0,NONE
2026-10-08T05:00:00+05:30,STORE_012,8,5,3.5,0,NONE
2026-10-08T05:00:00+05:30,STORE_013,8,5,3.5,0,NONE
2026-10-08T05:00:00+05:30,STORE_014,8,5,3.5,0,NONE
2026-10-08T05:00:00+05:30,STORE_015,8,5,3.5,0,NONE
2026-10-08T05:00:00+05:30,STORE_016,8,5,3.5,0,NONE
2026-10-08T05:00:00+05:30,STORE_017,8,5,3.5,0,NONE
2026-10-08T05:00:00+05:30,STORE_018,8,5,3.5,0,NONE
2026-10-08T05:00:00+05:30,STORE_019,8,5,3.5,0,NONE
2026-10-08T05:00:00+05:30,STORE_020,8,5,3.5,0,NONE
2026-10-08T05:00:00+05:30,STORE_021,8,5,3.5,0,NONE
2026-10-08T05:00:00+05:30,STORE_022,8,5,3.5,0,NONE
2026-10-08T05:00:00+05:30,STORE_023,8,5,3.5,0,NONE
2026-10-08T05:00:00+05:30,STORE_024,8,5,3.5,0,NONE
2026-10-08T05:00:00+05:30,STORE_025,8,5,3.5,0,NONE
2026-10-08T05:00:00+05:30,STORE_026,8,5,3.5,0,NONE
2026-10-08T05:00:00+05:30,STORE_027,8,5,3.5,0,NONE
2026-10-08T05:00:00+05:30,STORE_028,8,5,3.5,0,NONE
2026-10-08T05:00:00+05:30,STORE_029,8,5,3.5,0,NONE
2026-10-08T05:00:00+05:30,STORE_030,8,5,3.5,0,NONE
2026-10-08T06:00:00+05:30,STORE_001,10,4,4.0,0,NONE
2026-10-08T06:00:00+05:30,STORE_002,8,5,3.5,0,NONE
2026-10-08T06:00:00+05:30,STORE_003,8,5,3.5,0,NONE
2026-10-08T06:00:00+05:30,STORE_004,8,5,3.5,0,NONE
2026-10-08T06:00:00+05:30,STORE_005,8,5,3.5,0,NONE
2026-10-08T06:00:00+05:30,STORE_006,8,5,3.5,0,NONE
2026-10-08T06:00:00+05:30,STORE_007,8,5,3.5,0,NONE
2026-10-08T06:00:00+05:30,STORE_008,8,5,3.5,0,NONE
2026-10-08T06:00:00+05:30,STORE_009,8,5,3.5,0,NONE
2026-10-08T06:00:00+05:30,STORE_010,8,5,3.5,0,NONE
2026-10-08T06:00:00+05:30,STORE_011,8,5,3.5,0,NONE
2026-10-08T06:00:00+05:30,STORE_012,8,5,3.5,0,NONE
2026-10-08T06:00:00+05:30,STORE_013,8,5,3.5,0,NONE
2026-10-08T06:00:00+05:30,STORE_014,8,5,3.5,0,NONE
2026-10-08T06:00:00+05:30,STORE_015,8,5,3.5,0,NONE
2026-10-08T06:00:00+05:30,STORE_016,8,5,3.5,0,NONE
2026-10-08T06:00:00+05:30,STORE_017,8,5,3.5,0,NONE
2026-10-08T06:00:00+05:30,STORE_018,8,5,3.5,0,NONE
2026-10-08T06:00:00+05:30,STORE_019,8,5,3.5,0,NONE
2026-10-08T06:00:00+05:30,STORE_020,8,5,3.5,0,NONE
2026-10-08T06:00:00+05:30,STORE_021,8,5,3.5,0,NONE
2026-10-08T06:00:00+05:30,STORE_022,8,5,3.5,0,NONE
2026-10-08T06:00:00+05:30,STORE_023,8,5,3.5,0,NONE
2026-10-08T06:00:00+05:30,STORE_024,8,5,3.5,0,NONE
2026-10-08T06:00:00+05:30,STORE_025,8,5,3.5,0,NONE
2026-10-08T06:00:00+05:30,STORE_026,8,5,3.5,0,NONE
2026-10-08T06:00:00+05:30,STORE_027,8,5,3.5,0,NONE
2026-10-08T06:00:00+05:30,STORE_028,8,5,3.5,0,NONE
2026-10-08T06:00:00+05:30,STORE_029,8,5,3.5,0,NONE
2026-10-08T06:00:00+05:30,STORE_030,8,5,3.5,0,NONE
2026-10-08T07:00:00+05:30,STORE_001,10,4,4.0,0,NONE
2026-10-08T07:00:00+05:30,STORE_002,8,5,3.5,0,NONE
2026-10-08T07:00:00+05:30,STORE_003,8,5,3.5,0,NONE
2026-10-08T07:00:00+05:30,STORE_004,8,5,3.5,0,NONE
2026-10-08T07:00:00+05:30,STORE_005,8,5,3.5,0,NONE
2026-10-08T07:00:00+05:30,STORE_006,8,5,3.5,0,NONE
2026-10-08T07:00:00+05:30,STORE_007,8,5,3.5,0,NONE
2026-10-08T07:00:00+05:30,STORE_008,8,5,3.5,0,NONE
2026-10-08T07:00:00+05:30,STORE_009,8,5,3.5,0,NONE
2026-10-08T07:00:00+05:30,STORE_010,8,5,3.5,0,NONE
2026-10-08T07:00:00+05:30,STORE_011,8,5,3.5,0,NONE
2026-10-08T07:00:00+05:30,STORE_012,8,5,3.5,0,NONE
2026-10-08T07:00:00+05:30,STORE_013,8,5,3.5,0,NONE
2026-10-08T07:00:00+05:30,STORE_014,8,5,3.5,0,NONE
2026-10-08T07:00:00+05:30,STORE_015,8,5,3.5,0,NONE
2026-10-08T07:00:00+05:30,STORE_016,8,5,3.5,0,NONE
2026-10-08T07:00:00+05:30,STORE_017,8,5,3.5,0,NONE
2026-10-08T07:00:00+05:30,STORE_018,8,5,3.5,0,NONE
2026-10-08T07:00:00+05:30,STORE_019,8,5,3.5,0,NONE
2026-10-08T07:00:00+05:30,STORE_020,8,5,3.5,0,NONE
2026-10-08T07:00:00+05:30,STORE_021,8,5,3.5,0,NONE
2026-10-08T07:00:00+05:30,STORE_022,8,5,3.5,0,NONE
2026-10-08T07:00:00+05:30,STORE_023,8,5,3.5,0,NONE
2026-10-08T07:00:00+05:30,STORE_024,8,5,3.5,0,NONE
2026-10-08T07:00:00+05:30,STORE_025,8,5,3.5,0,NONE
2026-10-08T07:00:00+05:30,STORE_026,8,5,3.5,0,NONE
2026-10-08T07:00:00+05:30,STORE_027,8,5,3.5,0,NONE
2026-10-08T07:00:00+05:30,STORE_028,8,5,3.5,0,NONE
2026-10-08T07:00:00+05:30,STORE_029,8,5,3.5,0,NONE
2026-10-08T07:00:00+05:30,STORE_030,8,5,3.5,0,NONE
2026-10-08T08:00:00+05:30,STORE_001,10,4,4.0,0,NONE
2026-10-08T08:00:00+05:30,STORE_002,8,5,3.5,0,NONE
2026-10-08T08:00:00+05:30,STORE_003,8,5,3.5,0,NONE
2026-10-08T08:00:00+05:30,STORE_004,8,5,3.5,0,NONE
2026-10-08T08:00:00+05:30,STORE_005,8,5,3.5,0,NONE
2026-10-08T08:00:00+05:30,STORE_006,8,5,3.5,0,NONE
2026-10-08T08:00:00+05:30,STORE_007,8,5,3.5,0,NONE
2026-10-08T08:00:00+05:30,STORE_008,8,5,3.5,0,NONE
2026-10-08T08:00:00+05:30,STORE_009,8,5,3.5,0,NONE
2026-10-08T08:00:00+05:30,STORE_010,8,5,3.5,0,NONE
2026-10-08T08:00:00+05:30,STORE_011,8,5,3.5,0,NONE
2026-10-08T08:00:00+05:30,STORE_012,8,5,3.5,0,NONE
2026-10-08T08:00:00+05:30,STORE_013,8,5,3.5,0,NONE
2026-10-08T08:00:00+05:30,STORE_014,8,5,3.5,0,NONE
2026-10-08T08:00:00+05:30,STORE_015,8,5,3.5,0,NONE
2026-10-08T08:00:00+05:30,STORE_016,8,5,3.5,0,NONE
2026-10-08T08:00:00+05:30,STORE_017,8,5,3.5,0,NONE
2026-10-08T08:00:00+05:30,STORE_018,8,5,3.5,0,NONE
2026-10-08T08:00:00+05:30,STORE_019,8,5,3.5,0,NONE
2026-10-08T08:00:00+05:30,STORE_020,8,5,3.5,0,NONE
2026-10-08T08:00:00+05:30,STORE_021,8,5,3.5,0,NONE
2026-10-08T08:00:00+05:30,STORE_022,8,5,3.5,0,NONE
2026-10-08T08:00:00+05:30,STORE_023,8,5,3.5,0,NONE
2026-10-08T08:00:00+05:30,STORE_024,8,5,3.5,0,NONE
2026-10-08T08:00:00+05:30,STORE_025,8,5,3.5,0,NONE
2026-10-08T08:00:00+05:30,STORE_026,8,5,3.5,0,NONE
2026-10-08T08:00:00+05:30,STORE_027,8,5,3.5,0,NONE
2026-10-08T08:00:00+05:30,STORE_028,8,5,3.5,0,NONE
2026-10-08T08:00:00+05:30,STORE_029,8,5,3.5,0,NONE
2026-10-08T08:00:00+05:30,STORE_030,8,5,3.5,0,NONE
2026-10-08T09:00:00+05:30,STORE_001,10,4,4.0,0,NONE
2026-10-08T09:00:00+05:30,STORE_002,8,5,3.5,0,NONE
2026-10-08T09:00:00+05:30,STORE_003,8,5,3.5,0,NONE
2026-10-08T09:00:00+05:30,STORE_004,8,5,3.5,0,NONE
2026-10-08T09:00:00+05:30,STORE_005,8,5,3.5,0,NONE
2026-10-08T09:00:00+05:30,STORE_006,8,5,3.5,0,NONE
2026-10-08T09:00:00+05:30,STORE_007,8,5,3.5,0,NONE
2026-10-08T09:00:00+05:30,STORE_008,8,5,3.5,0,NONE
2026-10-08T09:00:00+05:30,STORE_009,8,5,3.5,0,NONE
2026-10-08T09:00:00+05:30,STORE_010,8,5,3.5,0,NONE
2026-10-08T09:00:00+05:30,STORE_011,8,5,3.5,0,NONE
2026-10-08T09:00:00+05:30,STORE_012,8,5,3.5,0,NONE
2026-10-08T09:00:00+05:30,STORE_013,8,5,3.5,0,NONE
2026-10-08T09:00:00+05:30,STORE_014,8,5,3.5,0,NONE
2026-10-08T09:00:00+05:30,STORE_015,8,5,3.5,0,NONE
2026-10-08T09:00:00+05:30,STORE_016,8,5,3.5,0,NONE
2026-10-08T09:00:00+05:30,STORE_017,8,5,3.5,0,NONE
2026-10-08T09:00:00+05:30,STORE_018,8,5,3.5,0,NONE
2026-10-08T09:00:00+05:30,STORE_019,8,5,3.5,0,NONE
2026-10-08T09:00:00+05:30,STORE_020,8,5,3.5,0,NONE
2026-10-08T09:00:00+05:30,STORE_021,8,5,3.5,0,NONE
2026-10-08T09:00:00+05:30,STORE_022,8,5,3.5,0,NONE
2026-10-08T09:00:00+05:30,STORE_023,8,5,3.5,0,NONE
2026-10-08T09:00:00+05:30,STORE_024,8,5,3.5,0,NONE
2026-10-08T09:00:00+05:30,STORE_025,8,5,3.5,0,NONE
2026-10-08T09:00:00+05:30,STORE_026,8,5,3.5,0,NONE
2026-10-08T09:00:00+05:30,STORE_027,8,5,3.5,0,NONE
2026-10-08T09:00:00+05:30,STORE_028,8,5,3.5,0,NONE
2026-10-08T09:00:00+05:30,STORE_029,8,5,3.5,0,NONE
2026-10-08T09:00:00+05:30,STORE_030,8,5,3.5,0,NONE
2026-10-08T10:00:00+05:30,STORE_001,10,4,4.0,0,NONE
2026-10-08T10:00:00+05:30,STORE_002,8,5,3.5,0,NONE
2026-10-08T10:00:00+05:30,STORE_003,8,5,3.5,0,NONE
2026-10-08T10:00:00+05:30,STORE_004,8,5,3.5,0,NONE
2026-10-08T10:00:00+05:30,STORE_005,8,5,3.5,0,NONE
2026-10-08T10:00:00+05:30,STORE_006,8,5,3.5,0,NONE
2026-10-08T10:00:00+05:30,STORE_007,8,5,3.5,0,NONE
2026-10-08T10:00:00+05:30,STORE_008,8,5,3.5,0,NONE
2026-10-08T10:00:00+05:30,STORE_009,8,5,3.5,0,NONE
2026-10-08T10:00:00+05:30,STORE_010,8,5,3.5,0,NONE
2026-10-08T10:00:00+05:30,STORE_011,8,5,3.5,0,NONE
2026-10-08T10:00:00+05:30,STORE_012,8,5,3.5,0,NONE
2026-10-08T10:00:00+05:30,STORE_013,8,5,3.5,0,NONE
2026-10-08T10:00:00+05:30,STORE_014,8,5,3.5,0,NONE
2026-10-08T10:00:00+05:30,STORE_015,8,5,3.5,0,NONE
2026-10-08T10:00:00+05:30,STORE_016,8,5,3.5,0,NONE
2026-10-08T10:00:00+05:30,STORE_017,8,5,3.5,0,NONE
2026-10-08T10:00:00+05:30,STORE_018,8,5,3.5,0,NONE
2026-10-08T10:00:00+05:30,STORE_019,8,5,3.5,0,NONE
2026-10-08T10:00:00+05:30,STORE_020,8,5,3.5,0,NONE
2026-10-08T10:00:00+05:30,STORE_021,8,5,3.5,0,NONE
2026-10-08T10:00:00+05:30,STORE_022,8,5,3.5,0,NONE
2026-10-08T10:00:00+05:30,STORE_023,8,5,3.5,0,NONE
2026-10-08T10:00:00+05:30,STORE_024,8,5,3.5,0,NONE
2026-10-08T10:00:00+05:30,STORE_025,8,5,3.5,0,NONE
2026-10-08T10:00:00+05:30,STORE_026,8,5,3.5,0,NONE
2026-10-08T10:00:00+05:30,STORE_027,8,5,3.5,0,NONE
2026-10-08T10:00:00+05:30,STORE_028,8,5,3.5,0,NONE
2026-10-08T10:00:00+05:30,STORE_029,8,5,3.5,0,NONE
2026-10-08T10:00:00+05:30,STORE_030,8,5,3.5,0,NONE
2026-10-08T11:00:00+05:30,STORE_001,10,4,4.0,0,NONE
2026-10-08T11:00:00+05:30,STORE_002,8,5,3.5,0,NONE
2026-10-08T11:00:00+05:30,STORE_003,8,5,3.5,0,NONE
2026-10-08T11:00:00+05:30,STORE_004,8,5,3.5,0,NONE
2026-10-08T11:00:00+05:30,STORE_005,8,5,3.5,0,NONE
2026-10-08T11:00:00+05:30,STORE_006,8,5,3.5,0,NONE
2026-10-08T11:00:00+05:30,STORE_007,8,5,3.5,0,NONE
2026-10-08T11:00:00+05:30,STORE_008,8,5,3.5,0,NONE
2026-10-08T11:00:00+05:30,STORE_009,8,5,3.5,0,NONE
2026-10-08T11:00:00+05:30,STORE_010,8,5,3.5,0,NONE
2026-10-08T11:00:00+05:30,STORE_011,8,5,3.5,0,NONE
2026-10-08T11:00:00+05:30,STORE_012,8,5,3.5,0,NONE
2026-10-08T11:00:00+05:30,STORE_013,8,5,3.5,0,NONE
2026-10-08T11:00:00+05:30,STORE_014,8,5,3.5,0,NONE
2026-10-08T11:00:00+05:30,STORE_015,8,5,3.5,0,NONE
2026-10-08T11:00:00+05:30,STORE_016,8,5,3.5,0,NONE
2026-10-08T11:00:00+05:30,STORE_017,8,5,3.5,0,NONE
2026-10-08T11:00:00+05:30,STORE_018,8,5,3.5,0,NONE
2026-10-08T11:00:00+05:30,STORE_019,8,5,3.5,0,NONE
2026-10-08T11:00:00+05:30,STORE_020,8,5,3.5,0,NONE
2026-10-08T11:00:00+05:30,STORE_021,8,5,3.5,0,NONE
2026-10-08T11:00:00+05:30,STORE_022,8,5,3.5,0,NONE
2026-10-08T11:00:00+05:30,STORE_023,8,5,3.5,0,NONE
2026-10-08T11:00:00+05:30,STORE_024,8,5,3.5,0,NONE
2026-10-08T11:00:00+05:30,STORE_025,8,5,3.5,0,NONE
2026-10-08T11:00:00+05:30,STORE_026,8,5,3.5,0,NONE
2026-10-08T11:00:00+05:30,STORE_027,8,5,3.5,0,NONE
2026-10-08T11:00:00+05:30,STORE_028,8,5,3.5,0,NONE
2026-10-08T11:00:00+05:30,STORE_029,8,5,3.5,0,NONE
2026-10-08T11:00:00+05:30,STORE_030,8,5,3.5,0,NONE
2026-10-08T12:00:00+05:30,STORE_001,10,4,4.0,0,NONE
2026-10-08T12:00:00+05:30,STORE_002,8,5,3.5,0,NONE
2026-10-08T12:00:00+05:30,STORE_003,8,5,3.5,0,NONE
2026-10-08T12:00:00+05:30,STORE_004,8,5,3.5,0,NONE
2026-10-08T12:00:00+05:30,STORE_005,8,5,3.5,0,NONE
2026-10-08T12:00:00+05:30,STORE_006,8,5,3.5,0,NONE
2026-10-08T12:00:00+05:30,STORE_007,8,5,3.5,0,NONE
2026-10-08T12:00:00+05:30,STORE_008,8,5,3.5,0,NONE
2026-10-08T12:00:00+05:30,STORE_009,8,5,3.5,0,NONE
2026-10-08T12:00:00+05:30,STORE_010,8,5,3.5,0,NONE
2026-10-08T12:00:00+05:30,STORE_011,8,5,3.5,0,NONE
2026-10-08T12:00:00+05:30,STORE_012,8,5,3.5,0,NONE
2026-10-08T12:00:00+05:30,STORE_013,8,5,3.5,0,NONE
2026-10-08T12:00:00+05:30,STORE_014,8,5,3.5,0,NONE
2026-10-08T12:00:00+05:30,STORE_015,8,5,3.5,0,NONE
2026-10-08T12:00:00+05:30,STORE_016,8,5,3.5,0,NONE
2026-10-08T12:00:00+05:30,STORE_017,8,5,3.5,0,NONE
2026-10-08T12:00:00+05:30,STORE_018,8,5,3.5,0,NONE
2026-10-08T12:00:00+05:30,STORE_019,8,5,3.5,0,NONE
2026-10-08T12:00:00+05:30,STORE_020,8,5,3.5,0,NONE
2026-10-08T12:00:00+05:30,STORE_021,8,5,3.5,0,NONE
2026-10-08T12:00:00+05:30,STORE_022,8,5,3.5,0,NONE
2026-10-08T12:00:00+05:30,STORE_023,8,5,3.5,0,NONE
2026-10-08T12:00:00+05:30,STORE_024,8,5,3.5,0,NONE
2026-10-08T12:00:00+05:30,STORE_025,8,5,3.5,0,NONE
2026-10-08T12:00:00+05:30,STORE_026,8,5,3.5,0,NONE
2026-10-08T12:00:00+05:30,STORE_027,8,5,3.5,0,NONE
2026-10-08T12:00:00+05:30,STORE_028,8,5,3.5,0,NONE
2026-10-08T12:00:00+05:30,STORE_029,8,5,3.5,0,NONE
2026-10-08T12:00:00+05:30,STORE_030,8,5,3.5,0,NONE
2026-10-08T13:00:00+05:30,STORE_001,10,4,4.0,0,NONE
2026-10-08T13:00:00+05:30,STORE_002,8,5,3.5,0,NONE
2026-10-08T13:00:00+05:30,STORE_003,8,5,3.5,0,NONE
2026-10-08T13:00:00+05:30,STORE_004,8,5,3.5,0,NONE
2026-10-08T13:00:00+05:30,STORE_005,8,5,3.5,0,NONE
2026-10-08T13:00:00+05:30,STORE_006,8,5,3.5,0,NONE
2026-10-08T13:00:00+05:30,STORE_007,8,5,3.5,0,NONE
2026-10-08T13:00:00+05:30,STORE_008,8,5,3.5,0,NONE
2026-10-08T13:00:00+05:30,STORE_009,8,5,3.5,0,NONE
2026-10-08T13:00:00+05:30,STORE_010,8,5,3.5,0,NONE
2026-10-08T13:00:00+05:30,STORE_011,8,5,3.5,0,NONE
2026-10-08T13:00:00+05:30,STORE_012,8,5,3.5,0,NONE
2026-10-08T13:00:00+05:30,STORE_013,8,5,3.5,0,NONE
2026-10-08T13:00:00+05:30,STORE_014,8,5,3.5,0,NONE
2026-10-08T13:00:00+05:30,STORE_015,8,5,3.5,0,NONE
2026-10-08T13:00:00+05:30,STORE_016,8,5,3.5,0,NONE
2026-10-08T13:00:00+05:30,STORE_017,8,5,3.5,0,NONE
2026-10-08T13:00:00+05:30,STORE_018,8,5,3.5,0,NONE
2026-10-08T13:00:00+05:30,STORE_019,8,5,3.5,0,NONE
2026-10-08T13:00:00+05:30,STORE_020,8,5,3.5,0,NONE
2026-10-08T13:00:00+05:30,STORE_021,8,5,3.5,0,NONE
2026-10-08T13:00:00+05:30,STORE_022,8,5,3.5,0,NONE
2026-10-08T13:00:00+05:30,STORE_023,8,5,3.5,0,NONE
2026-10-08T13:00:00+05:30,STORE_024,8,5,3.5,0,NONE
2026-10-08T13:00:00+05:30,STORE_025,8,5,3.5,0,NONE
2026-10-08T13:00:00+05:30,STORE_026,8,5,3.5,0,NONE
2026-10-08T13:00:00+05:30,STORE_027,8,5,3.5,0,NONE
2026-10-08T13:00:00+05:30,STORE_028,8,5,3.5,0,NONE
2026-10-08T13:00:00+05:30,STORE_029,8,5,3.5,0,NONE
2026-10-08T13:00:00+05:30,STORE_030,8,5,3.5,0,NONE
2026-10-08T14:00:00+05:30,STORE_001,10,4,4.0,0,NONE
2026-10-08T14:00:00+05:30,STORE_002,8,5,3.5,0,NONE
2026-10-08T14:00:00+05:30,STORE_003,8,5,3.5,0,NONE
2026-10-08T14:00:00+05:30,STORE_004,8,5,3.5,0,NONE
2026-10-08T14:00:00+05:30,STORE_005,8,5,3.5,0,NONE
2026-10-08T14:00:00+05:30,STORE_006,8,5,3.5,0,NONE
2026-10-08T14:00:00+05:30,STORE_007,8,5,3.5,0,NONE
2026-10-08T14:00:00+05:30,STORE_008,8,5,3.5,0,NONE
2026-10-08T14:00:00+05:30,STORE_009,8,5,3.5,0,NONE
2026-10-08T14:00:00+05:30,STORE_010,8,5,3.5,0,NONE
2026-10-08T14:00:00+05:30,STORE_011,8,5,3.5,0,NONE
2026-10-08T14:00:00+05:30,STORE_012,8,5,3.5,0,NONE
2026-10-08T14:00:00+05:30,STORE_013,8,5,3.5,0,NONE
2026-10-08T14:00:00+05:30,STORE_014,8,5,3.5,0,NONE
2026-10-08T14:00:00+05:30,STORE_015,8,5,3.5,0,NONE
2026-10-08T14:00:00+05:30,STORE_016,8,5,3.5,0,NONE
2026-10-08T14:00:00+05:30,STORE_017,8,5,3.5,0,NONE
2026-10-08T14:00:00+05:30,STORE_018,8,5,3.5,0,NONE
2026-10-08T14:00:00+05:30,STORE_019,8,5,3.5,0,NONE
2026-10-08T14:00:00+05:30,STORE_020,8,5,3.5,0,NONE
2026-10-08T14:00:00+05:30,STORE_021,8,5,3.5,0,NONE
2026-10-08T14:00:00+05:30,STORE_022,8,5,3.5,0,NONE
2026-10-08T14:00:00+05:30,STORE_023,8,5,3.5,0,NONE
2026-10-08T14:00:00+05:30,STORE_024,8,5,3.5,0,NONE
2026-10-08T14:00:00+05:30,STORE_025,8,5,3.5,0,NONE
2026-10-08T14:00:00+05:30,STORE_026,8,5,3.5,0,NONE
2026-10-08T14:00:00+05:30,STORE_027,8,5,3.5,0,NONE
2026-10-08T14:00:00+05:30,STORE_028,8,5,3.5,0,NONE
2026-10-08T14:00:00+05:30,STORE_029,8,5,3.5,0,NONE
2026-10-08T14:00:00+05:30,STORE_030,8,5,3.5,0,NONE
2026-10-08T15:00:00+05:30,STORE_001,10,4,4.0,0,NONE
2026-10-08T15:00:00+05:30,STORE_002,8,5,3.5,0,NONE
2026-10-08T15:00:00+05:30,STORE_003,8,5,3.5,0,NONE
2026-10-08T15:00:00+05:30,STORE_004,8,5,3.5,0,NONE
2026-10-08T15:00:00+05:30,STORE_005,8,5,3.5,0,NONE
2026-10-08T15:00:00+05:30,STORE_006,8,5,3.5,0,NONE
2026-10-08T15:00:00+05:30,STORE_007,8,5,3.5,0,NONE
2026-10-08T15:00:00+05:30,STORE_008,8,5,3.5,0,NONE
2026-10-08T15:00:00+05:30,STORE_009,8,5,3.5,0,NONE
2026-10-08T15:00:00+05:30,STORE_010,8,5,3.5,0,NONE
2026-10-08T15:00:00+05:30,STORE_011,8,5,3.5,0,NONE
2026-10-08T15:00:00+05:30,STORE_012,8,5,3.5,0,NONE
2026-10-08T15:00:00+05:30,STORE_013,8,5,3.5,0,NONE
2026-10-08T15:00:00+05:30,STORE_014,8,5,3.5,0,NONE
2026-10-08T15:00:00+05:30,STORE_015,8,5,3.5,0,NONE
2026-10-08T15:00:00+05:30,STORE_016,8,5,3.5,0,NONE
2026-10-08T15:00:00+05:30,STORE_017,8,5,3.5,0,NONE
2026-10-08T15:00:00+05:30,STORE_018,8,5,3.5,0,NONE
2026-10-08T15:00:00+05:30,STORE_019,8,5,3.5,0,NONE
2026-10-08T15:00:00+05:30,STORE_020,8,5,3.5,0,NONE
2026-10-08T15:00:00+05:30,STORE_021,8,5,3.5,0,NONE
2026-10-08T15:00:00+05:30,STORE_022,8,5,3.5,0,NONE
2026-10-08T15:00:00+05:30,STORE_023,8,5,3.5,0,NONE
2026-10-08T15:00:00+05:30,STORE_024,8,5,3.5,0,NONE
2026-10-08T15:00:00+05:30,STORE_025,8,5,3.5,0,NONE
2026-10-08T15:00:00+05:30,STORE_026,8,5,3.5,0,NONE
2026-10-08T15:00:00+05:30,STORE_027,8,5,3.5,0,NONE
2026-10-08T15:00:00+05:30,STORE_028,8,5,3.5,0,NONE
2026-10-08T15:00:00+05:30,STORE_029,8,5,3.5,0,NONE
2026-10-08T15:00:00+05:30,STORE_030,8,5,3.5,0,NONE
2026-10-08T16:00:00+05:30,STORE_001,10,4,4.0,0,NONE
2026-10-08T16:00:00+05:30,STORE_002,8,5,3.5,0,NONE
2026-10-08T16:00:00+05:30,STORE_003,8,5,3.5,0,NONE
2026-10-08T16:00:00+05:30,STORE_004,8,5,3.5,0,NONE
2026-10-08T16:00:00+05:30,STORE_005,8,5,3.5,0,NONE
2026-10-08T16:00:00+05:30,STORE_006,8,5,3.5,0,NONE
2026-10-08T16:00:00+05:30,STORE_007,8,5,3.5,0,NONE
2026-10-08T16:00:00+05:30,STORE_008,8,5,3.5,0,NONE
2026-10-08T16:00:00+05:30,STORE_009,8,5,3.5,0,NONE
2026-10-08T16:00:00+05:30,STORE_010,8,5,3.5,0,NONE
2026-10-08T16:00:00+05:30,STORE_011,8,5,3.5,0,NONE
2026-10-08T16:00:00+05:30,STORE_012,8,5,3.5,0,NONE
2026-10-08T16:00:00+05:30,STORE_013,8,5,3.5,0,NONE
2026-10-08T16:00:00+05:30,STORE_014,8,5,3.5,0,NONE
2026-10-08T16:00:00+05:30,STORE_015,8,5,3.5,0,NONE
2026-10-08T16:00:00+05:30,STORE_016,8,5,3.5,0,NONE
2026-10-08T16:00:00+05:30,STORE_017,8,5,3.5,0,NONE
2026-10-08T16:00:00+05:30,STORE_018,8,5,3.5,0,NONE
2026-10-08T16:00:00+05:30,STORE_019,8,5,3.5,0,NONE
2026-10-08T16:00:00+05:30,STORE_020,8,5,3.5,0,NONE
2026-10-08T16:00:00+05:30,STORE_021,8,5,3.5,0,NONE
2026-10-08T16:00:00+05:30,STORE_022,8,5,3.5,0,NONE
2026-10-08T16:00:00+05:30,STORE_023,8,5,3.5,0,NONE
2026-10-08T16:00:00+05:30,STORE_024,8,5,3.5,0,NONE
2026-10-08T16:00:00+05:30,STORE_025,8,5,3.5,0,NONE
2026-10-08T16:00:00+05:30,STORE_026,8,5,3.5,0,NONE
2026-10-08T16:00:00+05:30,STORE_027,8,5,3.5,0,NONE
2026-10-08T16:00:00+05:30,STORE_028,8,5,3.5,0,NONE
2026-10-08T16:00:00+05:30,STORE_029,8,5,3.5,0,NONE
2026-10-08T16:00:00+05:30,STORE_030,8,5,3.5,0,NONE
2026-10-08T17:00:00+05:30,STORE_001,10,4,4.0,0,NONE
2026-10-08T17:00:00+05:30,STORE_002,8,5,3.5,0,NONE
2026-10-08T17:00:00+05:30,STORE_003,8,5,3.5,0,NONE
2026-10-08T17:00:00+05:30,STORE_004,8,5,3.5,0,NONE
2026-10-08T17:00:00+05:30,STORE_005,8,5,3.5,0,NONE
2026-10-08T17:00:00+05:30,STORE_006,8,5,3.5,0,NONE
2026-10-08T17:00:00+05:30,STORE_007,8,5,3.5,0,NONE
2026-10-08T17:00:00+05:30,STORE_008,8,5,3.5,0,NONE
2026-10-08T17:00:00+05:30,STORE_009,8,5,3.5,0,NONE
2026-10-08T17:00:00+05:30,STORE_010,8,5,3.5,0,NONE
2026-10-08T17:00:00+05:30,STORE_011,8,5,3.5,0,NONE
2026-10-08T17:00:00+05:30,STORE_012,8,5,3.5,0,NONE
2026-10-08T17:00:00+05:30,STORE_013,8,5,3.5,0,NONE
2026-10-08T17:00:00+05:30,STORE_014,8,5,3.5,0,NONE
2026-10-08T17:00:00+05:30,STORE_015,8,5,3.5,0,NONE
2026-10-08T17:00:00+05:30,STORE_016,8,5,3.5,0,NONE
2026-10-08T17:00:00+05:30,STORE_017,8,5,3.5,0,NONE
2026-10-08T17:00:00+05:30,STORE_018,8,5,3.5,0,NONE
2026-10-08T17:00:00+05:30,STORE_019,8,5,3.5,0,NONE
2026-10-08T17:00:00+05:30,STORE_020,8,5,3.5,0,NONE
2026-10-08T17:00:00+05:30,STORE_021,8,5,3.5,0,NONE
2026-10-08T17:00:00+05:30,STORE_022,8,5,3.5,0,NONE
2026-10-08T17:00:00+05:30,STORE_023,8,5,3.5,0,NONE
2026-10-08T17:00:00+05:30,STORE_024,8,5,3.5,0,NONE
2026-10-08T17:00:00+05:30,STORE_025,8,5,3.5,0,NONE
2026-10-08T17:00:00+05:30,STORE_026,8,5,3.5,0,NONE
2026-10-08T17:00:00+05:30,STORE_027,8,5,3.5,0,NONE
2026-10-08T17:00:00+05:30,STORE_028,8,5,3.5,0,NONE
2026-10-08T17:00:00+05:30,STORE_029,8,5,3.5,0,NONE
2026-10-08T17:00:00+05:30,STORE_030,8,5,3.5,0,NONE
2026-10-08T18:00:00+05:30,STORE_001,10,4,4.0,0,NONE
2026-10-08T18:00:00+05:30,STORE_002,8,5,3.5,0,NONE
2026-10-08T18:00:00+05:30,STORE_003,8,5,3.5,0,NONE
2026-10-08T18:00:00+05:30,STORE_004,8,5,3.5,0,NONE
2026-10-08T18:00:00+05:30,STORE_005,8,5,3.5,0,NONE
2026-10-08T18:00:00+05:30,STORE_006,8,5,3.5,0,NONE
2026-10-08T18:00:00+05:30,STORE_007,8,5,3.5,0,NONE
2026-10-08T18:00:00+05:30,STORE_008,8,5,3.5,0,NONE
2026-10-08T18:00:00+05:30,STORE_009,8,5,3.5,0,NONE
2026-10-08T18:00:00+05:30,STORE_010,8,5,3.5,0,NONE
2026-10-08T18:00:00+05:30,STORE_011,8,5,3.5,0,NONE
2026-10-08T18:00:00+05:30,STORE_012,8,5,3.5,0,NONE
2026-10-08T18:00:00+05:30,STORE_013,8,5,3.5,0,NONE
2026-10-08T18:00:00+05:30,STORE_014,8,5,3.5,0,NONE
2026-10-08T18:00:00+05:30,STORE_015,8,5,3.5,0,NONE
2026-10-08T18:00:00+05:30,STORE_016,8,5,3.5,0,NONE
2026-10-08T18:00:00+05:30,STORE_017,8,5,3.5,0,NONE
2026-10-08T18:00:00+05:30,STORE_018,8,5,3.5,0,NONE
2026-10-08T18:00:00+05:30,STORE_019,8,5,3.5,0,NONE
2026-10-08T18:00:00+05:30,STORE_020,8,5,3.5,0,NONE
2026-10-08T18:00:00+05:30,STORE_021,8,5,3.5,0,NONE
2026-10-08T18:00:00+05:30,STORE_022,8,5,3.5,0,NONE
2026-10-08T18:00:00+05:30,STORE_023,8,5,3.5,0,NONE
2026-10-08T18:00:00+05:30,STORE_024,8,5,3.5,0,NONE
2026-10-08T18:00:00+05:30,STORE_025,8,5,3.5,0,NONE
2026-10-08T18:00:00+05:30,STORE_026,8,5,3.5,0,NONE
2026-10-08T18:00:00+05:30,STORE_027,8,5,3.5,0,NONE
2026-10-08T18:00:00+05:30,STORE_028,8,5,3.5,0,NONE
2026-10-08T18:00:00+05:30,STORE_029,8,5,3.5,0,NONE
2026-10-08T18:00:00+05:30,STORE_030,8,5,3.5,0,NONE
2026-10-08T19:00:00+05:30,STORE_001,10,4,4.0,0,NONE
2026-10-08T19:00:00+05:30,STORE_002,8,5,3.5,0,NONE
2026-10-08T19:00:00+05:30,STORE_003,8,5,3.5,0,NONE
2026-10-08T19:00:00+05:30,STORE_004,8,5,3.5,0,NONE
2026-10-08T19:00:00+05:30,STORE_005,8,5,3.5,0,NONE
2026-10-08T19:00:00+05:30,STORE_006,8,5,3.5,0,NONE
2026-10-08T19:00:00+05:30,STORE_007,8,5,3.5,0,NONE
2026-10-08T19:00:00+05:30,STORE_008,8,5,3.5,0,NONE
2026-10-08T19:00:00+05:30,STORE_009,8,5,3.5,0,NONE
2026-10-08T19:00:00+05:30,STORE_010,8,5,3.5,0,NONE
2026-10-08T19:00:00+05:30,STORE_011,8,5,3.5,0,NONE
2026-10-08T19:00:00+05:30,STORE_012,8,5,3.5,0,NONE
2026-10-08T19:00:00+05:30,STORE_013,8,5,3.5,0,NONE
2026-10-08T19:00:00+05:30,STORE_014,8,5,3.5,0,NONE
2026-10-08T19:00:00+05:30,STORE_015,8,5,3.5,0,NONE
2026-10-08T19:00:00+05:30,STORE_016,8,5,3.5,0,NONE
2026-10-08T19:00:00+05:30,STORE_017,8,5,3.5,0,NONE
2026-10-08T19:00:00+05:30,STORE_018,8,5,3.5,0,NONE
2026-10-08T19:00:00+05:30,STORE_019,8,5,3.5,0,NONE
2026-10-08T19:00:00+05:30,STORE_020,8,5,3.5,0,NONE
2026-10-08T19:00:00+05:30,STORE_021,8,5,3.5,0,NONE
2026-10-08T19:00:00+05:30,STORE_022,8,5,3.5,0,NONE
2026-10-08T19:00:00+05:30,STORE_023,8,5,3.5,0,NONE
2026-10-08T19:00:00+05:30,STORE_024,8,5,3.5,0,NONE
2026-10-08T19:00:00+05:30,STORE_025,8,5,3.5,0,NONE
2026-10-08T19:00:00+05:30,STORE_026,8,5,3.5,0,NONE
2026-10-08T19:00:00+05:30,STORE_027,8,5,3.5,0,NONE
2026-10-08T19:00:00+05:30,STORE_028,8,5,3.5,0,NONE
2026-10-08T19:00:00+05:30,STORE_029,8,5,3.5,0,NONE
2026-10-08T19:00:00+05:30,STORE_030,8,5,3.5,0,NONE
2026-10-08T20:00:00+05:30,STORE_001,10,4,4.0,0,NONE
2026-10-08T20:00:00+05:30,STORE_002,8,5,3.5,0,NONE
2026-10-08T20:00:00+05:30,STORE_003,8,5,3.5,0,NONE
2026-10-08T20:00:00+05:30,STORE_004,8,5,3.5,0,NONE
2026-10-08T20:00:00+05:30,STORE_005,8,5,3.5,0,NONE
2026-10-08T20:00:00+05:30,STORE_006,8,5,3.5,0,NONE
2026-10-08T20:00:00+05:30,STORE_007,8,5,3.5,0,NONE
2026-10-08T20:00:00+05:30,STORE_008,8,5,3.5,0,NONE
2026-10-08T20:00:00+05:30,STORE_009,8,5,3.5,0,NONE
2026-10-08T20:00:00+05:30,STORE_010,8,5,3.5,0,NONE
2026-10-08T20:00:00+05:30,STORE_011,8,5,3.5,0,NONE
2026-10-08T20:00:00+05:30,STORE_012,8,5,3.5,0,NONE
2026-10-08T20:00:00+05:30,STORE_013,8,5,3.5,0,NONE
2026-10-08T20:00:00+05:30,STORE_014,8,5,3.5,0,NONE
2026-10-08T20:00:00+05:30,STORE_015,8,5,3.5,0,NONE
2026-10-08T20:00:00+05:30,STORE_016,8,5,3.5,0,NONE
2026-10-08T20:00:00+05:30,STORE_017,8,5,3.5,0,NONE
2026-10-08T20:00:00+05:30,STORE_018,8,5,3.5,0,NONE
2026-10-08T20:00:00+05:30,STORE_019,8,5,3.5,0,NONE
2026-10-08T20:00:00+05:30,STORE_020,8,5,3.5,0,NONE
2026-10-08T20:00:00+05:30,STORE_021,8,5,3.5,0,NONE
2026-10-08T20:00:00+05:30,STORE_022,8,5,3.5,0,NONE
2026-10-08T20:00:00+05:30,STORE_023,8,5,3.5,0,NONE
2026-10-08T20:00:00+05:30,STORE_024,8,5,3.5,0,NONE
2026-10-08T20:00:00+05:30,STORE_025,8,5,3.5,0,NONE
2026-10-08T20:00:00+05:30,STORE_026,8,5,3.5,0,NONE
2026-10-08T20:00:00+05:30,STORE_027,8,5,3.5,0,NONE
2026-10-08T20:00:00+05:30,STORE_028,8,5,3.5,0,NONE
2026-10-08T20:00:00+05:30,STORE_029,8,5,3.5,0,NONE
2026-10-08T20:00:00+05:30,STORE_030,8,5,3.5,0,NONE
2026-10-08T21:00:00+05:30,STORE_001,10,4,4.0,0,NONE
2026-10-08T21:00:00+05:30,STORE_002,8,5,3.5,0,NONE
2026-10-08T21:00:00+05:30,STORE_003,8,5,3.5,0,NONE
2026-10-08T21:00:00+05:30,STORE_004,8,5,3.5,0,NONE
2026-10-08T21:00:00+05:30,STORE_005,8,5,3.5,0,NONE
2026-10-08T21:00:00+05:30,STORE_006,8,5,3.5,0,NONE
2026-10-08T21:00:00+05:30,STORE_007,8,5,3.5,0,NONE
2026-10-08T21:00:00+05:30,STORE_008,8,5,3.5,0,NONE
2026-10-08T21:00:00+05:30,STORE_009,8,5,3.5,0,NONE
2026-10-08T21:00:00+05:30,STORE_010,8,5,3.5,0,NONE
2026-10-08T21:00:00+05:30,STORE_011,8,5,3.5,0,NONE
2026-10-08T21:00:00+05:30,STORE_012,8,5,3.5,0,NONE
2026-10-08T21:00:00+05:30,STORE_013,8,5,3.5,0,NONE
2026-10-08T21:00:00+05:30,STORE_014,8,5,3.5,0,NONE
2026-10-08T21:00:00+05:30,STORE_015,8,5,3.5,0,NONE
2026-10-08T21:00:00+05:30,STORE_016,8,5,3.5,0,NONE
2026-10-08T21:00:00+05:30,STORE_017,8,5,3.5,0,NONE
2026-10-08T21:00:00+05:30,STORE_018,8,5,3.5,0,NONE
2026-10-08T21:00:00+05:30,STORE_019,8,5,3.5,0,NONE
2026-10-08T21:00:00+05:30,STORE_020,8,5,3.5,0,NONE
2026-10-08T21:00:00+05:30,STORE_021,8,5,3.5,0,NONE
2026-10-08T21:00:00+05:30,STORE_022,8,5,3.5,0,NONE
2026-10-08T21:00:00+05:30,STORE_023,8,5,3.5,0,NONE
2026-10-08T21:00:00+05:30,STORE_024,8,5,3.5,0,NONE
2026-10-08T21:00:00+05:30,STORE_025,8,5,3.5,0,NONE
2026-10-08T21:00:00+05:30,STORE_026,8,5,3.5,0,NONE
2026-10-08T21:00:00+05:30,STORE_027,8,5,3.5,0,NONE
2026-10-08T21:00:00+05:30,STORE_028,8,5,3.5,0,NONE
2026-10-08T21:00:00+05:30,STORE_029,8,5,3.5,0,NONE
2026-10-08T21:00:00+05:30,STORE_030,8,5,3.5,0,NONE
2026-10-08T22:00:00+05:30,STORE_001,10,4,4.0,0,NONE
2026-10-08T22:00:00+05:30,STORE_002,8,5,3.5,0,NONE
2026-10-08T22:00:00+05:30,STORE_003,8,5,3.5,0,NONE
2026-10-08T22:00:00+05:30,STORE_004,8,5,3.5,0,NONE
2026-10-08T22:00:00+05:30,STORE_005,8,5,3.5,0,NONE
2026-10-08T22:00:00+05:30,STORE_006,8,5,3.5,0,NONE
2026-10-08T22:00:00+05:30,STORE_007,8,5,3.5,0,NONE
2026-10-08T22:00:00+05:30,STORE_008,8,5,3.5,0,NONE
2026-10-08T22:00:00+05:30,STORE_009,8,5,3.5,0,NONE
2026-10-08T22:00:00+05:30,STORE_010,8,5,3.5,0,NONE
2026-10-08T22:00:00+05:30,STORE_011,8,5,3.5,0,NONE
2026-10-08T22:00:00+05:30,STORE_012,8,5,3.5,0,NONE
2026-10-08T22:00:00+05:30,STORE_013,8,5,3.5,0,NONE
2026-10-08T22:00:00+05:30,STORE_014,8,5,3.5,0,NONE
2026-10-08T22:00:00+05:30,STORE_015,8,5,3.5,0,NONE
2026-10-08T22:00:00+05:30,STORE_016,8,5,3.5,0,NONE
2026-10-08T22:00:00+05:30,STORE_017,8,5,3.5,0,NONE
2026-10-08T22:00:00+05:30,STORE_018,8,5,3.5,0,NONE
2026-10-08T22:00:00+05:30,STORE_019,8,5,3.5,0,NONE
2026-10-08T22:00:00+05:30,STORE_020,8,5,3.5,0,NONE
2026-10-08T22:00:00+05:30,STORE_021,8,5,3.5,0,NONE
2026-10-08T22:00:00+05:30,STORE_022,8,5,3.5,0,NONE
2026-10-08T22:00:00+05:30,STORE_023,8,5,3.5,0,NONE
2026-10-08T22:00:00+05:30,STORE_024,8,5,3.5,0,NONE
2026-10-08T22:00:00+05:30,STORE_025,8,5,3.5,0,NONE
2026-10-08T22:00:00+05:30,STORE_026,8,5,3.5,0,NONE
2026-10-08T22:00:00+05:30,STORE_027,8,5,3.5,0,NONE
2026-10-08T22:00:00+05:30,STORE_028,8,5,3.5,0,NONE
2026-10-08T22:00:00+05:30,STORE_029,8,5,3.5,0,NONE
2026-10-08T22:00:00+05:30,STORE_030,8,5,3.5,0,NONE
2026-10-08T23:00:00+05:30,STORE_001,10,4,4.0,0,NONE
2026-10-08T23:00:00+05:30,STORE_002,8,5,3.5,0,NONE
2026-10-08T23:00:00+05:30,STORE_003,8,5,3.5,0,NONE
2026-10-08T23:00:00+05:30,STORE_004,8,5,3.5,0,NONE
2026-10-08T23:00:00+05:30,STORE_005,8,5,3.5,0,NONE
2026-10-08T23:00:00+05:30,STORE_006,8,5,3.5,0,NONE
2026-10-08T23:00:00+05:30,STORE_007,8,5,3.5,0,NONE
2026-10-08T23:00:00+05:30,STORE_008,8,5,3.5,0,NONE
2026-10-08T23:00:00+05:30,STORE_009,8,5,3.5,0,NONE
2026-10-08T23:00:00+05:30,STORE_010,8,5,3.5,0,NONE
2026-10-08T23:00:00+05:30,STORE_011,8,5,3.5,0,NONE
2026-10-08T23:00:00+05:30,STORE_012,8,5,3.5,0,NONE
2026-10-08T23:00:00+05:30,STORE_013,8,5,3.5,0,NONE
2026-10-08T23:00:00+05:30,STORE_014,8,5,3.5,0,NONE
2026-10-08T23:00:00+05:30,STORE_015,8,5,3.5,0,NONE
2026-10-08T23:00:00+05:30,STORE_016,8,5,3.5,0,NONE
2026-10-08T23:00:00+05:30,STORE_017,8,5,3.5,0,NONE
2026-10-08T23:00:00+05:30,STORE_018,8,5,3.5,0,NONE
2026-10-08T23:00:00+05:30,STORE_019,8,5,3.5,0,NONE
2026-10-08T23:00:00+05:30,STORE_020,8,5,3.5,0,NONE
2026-10-08T23:00:00+05:30,STORE_021,8,5,3.5,0,NONE
2026-10-08T23:00:00+05:30,STORE_022,8,5,3.5,0,NONE
2026-10-08T23:00:00+05:30,STORE_023,8,5,3.5,0,NONE
2026-10-08T23:00:00+05:30,STORE_024,8,5,3.5,0,NONE
2026-10-08T23:00:00+05:30,STORE_025,8,5,3.5,0,NONE
2026-10-08T23:00:00+05:30,STORE_026,8,5,3.5,0,NONE
2026-10-08T23:00:00+05:30,STORE_027,8,5,3.5,0,NONE
2026-10-08T23:00:00+05:30,STORE_028,8,5,3.5,0,NONE
2026-10-08T23:00:00+05:30,STORE_029,8,5,3.5,0,NONE
2026-10-08T23:00:00+05:30,STORE_030,8,5,3.5,0,NONE
2026-10-09T00:00:00+05:30,STORE_001,10,4,4.0,0,NONE
2026-10-09T00:00:00+05:30,STORE_002,8,5,3.5,0,NONE
2026-10-09T00:00:00+05:30,STORE_003,8,5,3.5,0,NONE
2026-10-09T00:00:00+05:30,STORE_004,8,5,3.5,0,NONE
2026-10-09T00:00:00+05:30,STORE_005,8,5,3.5,0,NONE
2026-10-09T00:00:00+05:30,STORE_006,8,5,3.5,0,NONE
2026-10-09T00:00:00+05:30,STORE_007,8,5,3.5,0,NONE
2026-10-09T00:00:00+05:30,STORE_008,8,5,3.5,0,NONE
2026-10-09T00:00:00+05:30,STORE_009,8,5,3.5,0,NONE
2026-10-09T00:00:00+05:30,STORE_010,8,5,3.5,0,NONE
2026-10-09T00:00:00+05:30,STORE_011,8,5,3.5,0,NONE
2026-10-09T00:00:00+05:30,STORE_012,8,5,3.5,0,NONE
2026-10-09T00:00:00+05:30,STORE_013,8,5,3.5,0,NONE
2026-10-09T00:00:00+05:30,STORE_014,8,5,3.5,0,NONE
2026-10-09T00:00:00+05:30,STORE_015,8,5,3.5,0,NONE
2026-10-09T00:00:00+05:30,STORE_016,8,5,3.5,0,NONE
2026-10-09T00:00:00+05:30,STORE_017,8,5,3.5,0,NONE
2026-10-09T00:00:00+05:30,STORE_018,8,5,3.5,0,NONE
2026-10-09T00:00:00+05:30,STORE_019,8,5,3.5,0,NONE
2026-10-09T00:00:00+05:30,STORE_020,8,5,3.5,0,NONE
2026-10-09T00:00:00+05:30,STORE_021,8,5,3.5,0,NONE
2026-10-09T00:00:00+05:30,STORE_022,8,5,3.5,0,NONE
2026-10-09T00:00:00+05:30,STORE_023,8,5,3.5,0,NONE
2026-10-09T00:00:00+05:30,STORE_024,8,5,3.5,0,NONE
2026-10-09T00:00:00+05:30,STORE_025,8,5,3.5,0,NONE
2026-10-09T00:00:00+05:30,STORE_026,8,5,3.5,0,NONE
2026-10-09T00:00:00+05:30,STORE_027,8,5,3.5,0,NONE
2026-10-09T00:00:00+05:30,STORE_028,8,5,3.5,0,NONE
2026-10-09T00:00:00+05:30,STORE_029,8,5,3.5,0,NONE
2026-10-09T00:00:00+05:30,STORE_030,8,5,3.5,0,NONE
2026-10-09T01:00:00+05:30,STORE_001,10,4,4.0,0,NONE
2026-10-09T01:00:00+05:30,STORE_002,8,5,3.5,0,NONE
2026-10-09T01:00:00+05:30,STORE_003,8,5,3.5,0,NONE
2026-10-09T01:00:00+05:30,STORE_004,8,5,3.5,0,NONE
2026-10-09T01:00:00+05:30,STORE_005,8,5,3.5,0,NONE
2026-10-09T01:00:00+05:30,STORE_006,8,5,3.5,0,NONE
2026-10-09T01:00:00+05:30,STORE_007,8,5,3.5,0,NONE
2026-10-09T01:00:00+05:30,STORE_008,8,5,3.5,0,NONE
2026-10-09T01:00:00+05:30,STORE_009,8,5,3.5,0,NONE
2026-10-09T01:00:00+05:30,STORE_010,8,5,3.5,0,NONE
2026-10-09T01:00:00+05:30,STORE_011,8,5,3.5,0,NONE
2026-10-09T01:00:00+05:30,STORE_012,8,5,3.5,0,NONE
2026-10-09T01:00:00+05:30,STORE_013,8,5,3.5,0,NONE
2026-10-09T01:00:00+05:30,STORE_014,8,5,3.5,0,NONE
2026-10-09T01:00:00+05:30,STORE_015,8,5,3.5,0,NONE
2026-10-09T01:00:00+05:30,STORE_016,8,5,3.5,0,NONE
2026-10-09T01:00:00+05:30,STORE_017,8,5,3.5,0,NONE
2026-10-09T01:00:00+05:30,STORE_018,8,5,3.5,0,NONE
2026-10-09T01:00:00+05:30,STORE_019,8,5,3.5,0,NONE
2026-10-09T01:00:00+05:30,STORE_020,8,5,3.5,0,NONE
2026-10-09T01:00:00+05:30,STORE_021,8,5,3.5,0,NONE
2026-10-09T01:00:00+05:30,STORE_022,8,5,3.5,0,NONE
2026-10-09T01:00:00+05:30,STORE_023,8,5,3.5,0,NONE
2026-10-09T01:00:00+05:30,STORE_024,8,5,3.5,0,NONE
2026-10-09T01:00:00+05:30,STORE_025,8,5,3.5,0,NONE
2026-10-09T01:00:00+05:30,STORE_026,8,5,3.5,0,NONE
2026-10-09T01:00:00+05:30,STORE_027,8,5,3.5,0,NONE
2026-10-09T01:00:00+05:30,STORE_028,8,5,3.5,0,NONE
2026-10-09T01:00:00+05:30,STORE_029,8,5,3.5,0,NONE
2026-10-09T01:00:00+05:30,STORE_030,8,5,3.5,0,NONE
2026-10-09T02:00:00+05:30,STORE_001,10,4,4.0,0,NONE
2026-10-09T02:00:00+05:30,STORE_002,8,5,3.5,0,NONE
2026-10-09T02:00:00+05:30,STORE_003,8,5,3.5,0,NONE
2026-10-09T02:00:00+05:30,STORE_004,8,5,3.5,0,NONE
2026-10-09T02:00:00+05:30,STORE_005,8,5,3.5,0,NONE
2026-10-09T02:00:00+05:30,STORE_006,8,5,3.5,0,NONE
2026-10-09T02:00:00+05:30,STORE_007,8,5,3.5,0,NONE
2026-10-09T02:00:00+05:30,STORE_008,8,5,3.5,0,NONE
2026-10-09T02:00:00+05:30,STORE_009,8,5,3.5,0,NONE
2026-10-09T02:00:00+05:30,STORE_010,8,5,3.5,0,NONE
2026-10-09T02:00:00+05:30,STORE_011,8,5,3.5,0,NONE
2026-10-09T02:00:00+05:30,STORE_012,8,5,3.5,0,NONE
2026-10-09T02:00:00+05:30,STORE_013,8,5,3.5,0,NONE
2026-10-09T02:00:00+05:30,STORE_014,8,5,3.5,0,NONE
2026-10-09T02:00:00+05:30,STORE_015,8,5,3.5,0,NONE
2026-10-09T02:00:00+05:30,STORE_016,8,5,3.5,0,NONE
2026-10-09T02:00:00+05:30,STORE_017,8,5,3.5,0,NONE
2026-10-09T02:00:00+05:30,STORE_018,8,5,3.5,0,NONE
2026-10-09T02:00:00+05:30,STORE_019,8,5,3.5,0,NONE
2026-10-09T02:00:00+05:30,STORE_020,8,5,3.5,0,NONE
2026-10-09T02:00:00+05:30,STORE_021,8,5,3.5,0,NONE
2026-10-09T02:00:00+05:30,STORE_022,8,5,3.5,0,NONE
2026-10-09T02:00:00+05:30,STORE_023,8,5,3.5,0,NONE
2026-10-09T02:00:00+05:30,STORE_024,8,5,3.5,0,NONE
2026-10-09T02:00:00+05:30,STORE_025,8,5,3.5,0,NONE
2026-10-09T02:00:00+05:30,STORE_026,8,5,3.5,0,NONE
2026-10-09T02:00:00+05:30,STORE_027,8,5,3.5,0,NONE
2026-10-09T02:00:00+05:30,STORE_028,8,5,3.5,0,NONE
2026-10-09T02:00:00+05:30,STORE_029,8,5,3.5,0,NONE
2026-10-09T02:00:00+05:30,STORE_030,8,5,3.5,0,NONE
2026-10-09T03:00:00+05:30,STORE_001,10,4,4.0,0,NONE
2026-10-09T03:00:00+05:30,STORE_002,8,5,3.5,0,NONE
2026-10-09T03:00:00+05:30,STORE_003,8,5,3.5,0,NONE
2026-10-09T03:00:00+05:30,STORE_004,8,5,3.5,0,NONE
2026-10-09T03:00:00+05:30,STORE_005,8,5,3.5,0,NONE
2026-10-09T03:00:00+05:30,STORE_006,8,5,3.5,0,NONE
2026-10-09T03:00:00+05:30,STORE_007,8,5,3.5,0,NONE
2026-10-09T03:00:00+05:30,STORE_008,8,5,3.5,0,NONE
2026-10-09T03:00:00+05:30,STORE_009,8,5,3.5,0,NONE
2026-10-09T03:00:00+05:30,STORE_010,8,5,3.5,0,NONE
2026-10-09T03:00:00+05:30,STORE_011,8,5,3.5,0,NONE
2026-10-09T03:00:00+05:30,STORE_012,8,5,3.5,0,NONE
2026-10-09T03:00:00+05:30,STORE_013,8,5,3.5,0,NONE
2026-10-09T03:00:00+05:30,STORE_014,8,5,3.5,0,NONE
2026-10-09T03:00:00+05:30,STORE_015,8,5,3.5,0,NONE
2026-10-09T03:00:00+05:30,STORE_016,8,5,3.5,0,NONE
2026-10-09T03:00:00+05:30,STORE_017,8,5,3.5,0,NONE
2026-10-09T03:00:00+05:30,STORE_018,8,5,3.5,0,NONE
2026-10-09T03:00:00+05:30,STORE_019,8,5,3.5,0,NONE
2026-10-09T03:00:00+05:30,STORE_020,8,5,3.5,0,NONE
2026-10-09T03:00:00+05:30,STORE_021,8,5,3.5,0,NONE
2026-10-09T03:00:00+05:30,STORE_022,8,5,3.5,0,NONE
2026-10-09T03:00:00+05:30,STORE_023,8,5,3.5,0,NONE
2026-10-09T03:00:00+05:30,STORE_024,8,5,3.5,0,NONE
2026-10-09T03:00:00+05:30,STORE_025,8,5,3.5,0,NONE
2026-10-09T03:00:00+05:30,STORE_026,8,5,3.5,0,NONE
2026-10-09T03:00:00+05:30,STORE_027,8,5,3.5,0,NONE
2026-10-09T03:00:00+05:30,STORE_028,8,5,3.5,0,NONE
2026-10-09T03:00:00+05:30,STORE_029,8,5,3.5,0,NONE
2026-10-09T03:00:00+05:30,STORE_030,8,5,3.5,0,NONE
2026-10-09T04:00:00+05:30,STORE_001,10,4,4.0,0,NONE
2026-10-09T04:00:00+05:30,STORE_002,8,5,3.5,0,NONE
2026-10-09T04:00:00+05:30,STORE_003,8,5,3.5,0,NONE
2026-10-09T04:00:00+05:30,STORE_004,8,5,3.5,0,NONE
2026-10-09T04:00:00+05:30,STORE_005,8,5,3.5,0,NONE
2026-10-09T04:00:00+05:30,STORE_006,8,5,3.5,0,NONE
2026-10-09T04:00:00+05:30,STORE_007,8,5,3.5,0,NONE
2026-10-09T04:00:00+05:30,STORE_008,8,5,3.5,0,NONE
2026-10-09T04:00:00+05:30,STORE_009,8,5,3.5,0,NONE
2026-10-09T04:00:00+05:30,STORE_010,8,5,3.5,0,NONE
2026-10-09T04:00:00+05:30,STORE_011,8,5,3.5,0,NONE
2026-10-09T04:00:00+05:30,STORE_012,8,5,3.5,0,NONE
2026-10-09T04:00:00+05:30,STORE_013,8,5,3.5,0,NONE
2026-10-09T04:00:00+05:30,STORE_014,8,5,3.5,0,NONE
2026-10-09T04:00:00+05:30,STORE_015,8,5,3.5,0,NONE
2026-10-09T04:00:00+05:30,STORE_016,8,5,3.5,0,NONE
2026-10-09T04:00:00+05:30,STORE_017,8,5,3.5,0,NONE
2026-10-09T04:00:00+05:30,STORE_018,8,5,3.5,0,NONE
2026-10-09T04:00:00+05:30,STORE_019,8,5,3.5,0,NONE
2026-10-09T04:00:00+05:30,STORE_020,8,5,3.5,0,NONE
2026-10-09T04:00:00+05:30,STORE_021,8,5,3.5,0,NONE
2026-10-09T04:00:00+05:30,STORE_022,8,5,3.5,0,NONE
2026-10-09T04:00:00+05:30,STORE_023,8,5,3.5,0,NONE
2026-10-09T04:00:00+05:30,STORE_024,8,5,3.5,0,NONE
2026-10-09T04:00:00+05:30,STORE_025,8,5,3.5,0,NONE
2026-10-09T04:00:00+05:30,STORE_026,8,5,3.5,0,NONE
2026-10-09T04:00:00+05:30,STORE_027,8,5,3.5,0,NONE
2026-10-09T04:00:00+05:30,STORE_028,8,5,3.5,0,NONE
2026-10-09T04:00:00+05:30,STORE_029,8,5,3.5,0,NONE
2026-10-09T04:00:00+05:30,STORE_030,8,5,3.5,0,NONE
2026-10-09T05:00:00+05:30,STORE_001,10,4,4.0,0,NONE
2026-10-09T05:00:00+05:30,STORE_002,8,5,3.5,0,NONE
2026-10-09T05:00:00+05:30,STORE_003,8,5,3.5,0,NONE
2026-10-09T05:00:00+05:30,STORE_004,8,5,3.5,0,NONE
2026-10-09T05:00:00+05:30,STORE_005,8,5,3.5,0,NONE
2026-10-09T05:00:00+05:30,STORE_006,8,5,3.5,0,NONE
2026-10-09T05:00:00+05:30,STORE_007,8,5,3.5,0,NONE
2026-10-09T05:00:00+05:30,STORE_008,8,5,3.5,0,NONE
2026-10-09T05:00:00+05:30,STORE_009,8,5,3.5,0,NONE
2026-10-09T05:00:00+05:30,STORE_010,8,5,3.5,0,NONE
2026-10-09T05:00:00+05:30,STORE_011,8,5,3.5,0,NONE
2026-10-09T05:00:00+05:30,STORE_012,8,5,3.5,0,NONE
2026-10-09T05:00:00+05:30,STORE_013,8,5,3.5,0,NONE
2026-10-09T05:00:00+05:30,STORE_014,8,5,3.5,0,NONE
2026-10-09T05:00:00+05:30,STORE_015,8,5,3.5,0,NONE
2026-10-09T05:00:00+05:30,STORE_016,8,5,3.5,0,NONE
2026-10-09T05:00:00+05:30,STORE_017,8,5,3.5,0,NONE
2026-10-09T05:00:00+05:30,STORE_018,8,5,3.5,0,NONE
2026-10-09T05:00:00+05:30,STORE_019,8,5,3.5,0,NONE
2026-10-09T05:00:00+05:30,STORE_020,8,5,3.5,0,NONE
2026-10-09T05:00:00+05:30,STORE_021,8,5,3.5,0,NONE
2026-10-09T05:00:00+05:30,STORE_022,8,5,3.5,0,NONE
2026-10-09T05:00:00+05:30,STORE_023,8,5,3.5,0,NONE
2026-10-09T05:00:00+05:30,STORE_024,8,5,3.5,0,NONE
2026-10-09T05:00:00+05:30,STORE_025,8,5,3.5,0,NONE
2026-10-09T05:00:00+05:30,STORE_026,8,5,3.5,0,NONE
2026-10-09T05:00:00+05:30,STORE_027,8,5,3.5,0,NONE
2026-10-09T05:00:00+05:30,STORE_028,8,5,3.5,0,NONE
2026-10-09T05:00:00+05:30,STORE_029,8,5,3.5,0,NONE
2026-10-09T05:00:00+05:30,STORE_030,8,5,3.5,0,NONE
2026-10-09T06:00:00+05:30,STORE_001,10,4,4.0,0,NONE
2026-10-09T06:00:00+05:30,STORE_002,8,5,3.5,0,NONE
2026-10-09T06:00:00+05:30,STORE_003,8,5,3.5,0,NONE
2026-10-09T06:00:00+05:30,STORE_004,8,5,3.5,0,NONE
2026-10-09T06:00:00+05:30,STORE_005,8,5,3.5,0,NONE
2026-10-09T06:00:00+05:30,STORE_006,8,5,3.5,0,NONE
2026-10-09T06:00:00+05:30,STORE_007,8,5,3.5,0,NONE
2026-10-09T06:00:00+05:30,STORE_008,8,5,3.5,0,NONE
2026-10-09T06:00:00+05:30,STORE_009,8,5,3.5,0,NONE
2026-10-09T06:00:00+05:30,STORE_010,8,5,3.5,0,NONE
2026-10-09T06:00:00+05:30,STORE_011,8,5,3.5,0,NONE
2026-10-09T06:00:00+05:30,STORE_012,8,5,3.5,0,NONE
2026-10-09T06:00:00+05:30,STORE_013,8,5,3.5,0,NONE
2026-10-09T06:00:00+05:30,STORE_014,8,5,3.5,0,NONE
2026-10-09T06:00:00+05:30,STORE_015,8,5,3.5,0,NONE
2026-10-09T06:00:00+05:30,STORE_016,8,5,3.5,0,NONE
2026-10-09T06:00:00+05:30,STORE_017,8,5,3.5,0,NONE
2026-10-09T06:00:00+05:30,STORE_018,8,5,3.5,0,NONE
2026-10-09T06:00:00+05:30,STORE_019,8,5,3.5,0,NONE
2026-10-09T06:00:00+05:30,STORE_020,8,5,3.5,0,NONE
2026-10-09T06:00:00+05:30,STORE_021,8,5,3.5,0,NONE
2026-10-09T06:00:00+05:30,STORE_022,8,5,3.5,0,NONE
2026-10-09T06:00:00+05:30,STORE_023,8,5,3.5,0,NONE
2026-10-09T06:00:00+05:30,STORE_024,8,5,3.5,0,NONE
2026-10-09T06:00:00+05:30,STORE_025,8,5,3.5,0,NONE
2026-10-09T06:00:00+05:30,STORE_026,8,5,3.5,0,NONE
2026-10-09T06:00:00+05:30,STORE_027,8,5,3.5,0,NONE
2026-10-09T06:00:00+05:30,STORE_028,8,5,3.5,0,NONE
2026-10-09T06:00:00+05:30,STORE_029,8,5,3.5,0,NONE
2026-10-09T06:00:00+05:30,STORE_030,8,5,3.5,0,NONE
2026-10-09T07:00:00+05:30,STORE_001,10,4,4.0,0,NONE
2026-10-09T07:00:00+05:30,STORE_002,8,5,3.5,0,NONE
2026-10-09T07:00:00+05:30,STORE_003,8,5,3.5,0,NONE
2026-10-09T07:00:00+05:30,STORE_004,8,5,3.5,0,NONE
2026-10-09T07:00:00+05:30,STORE_005,8,5,3.5,0,NONE
2026-10-09T07:00:00+05:30,STORE_006,8,5,3.5,0,NONE
2026-10-09T07:00:00+05:30,STORE_007,8,5,3.5,0,NONE
2026-10-09T07:00:00+05:30,STORE_008,8,5,3.5,0,NONE
2026-10-09T07:00:00+05:30,STORE_009,8,5,3.5,0,NONE
2026-10-09T07:00:00+05:30,STORE_010,8,5,3.5,0,NONE
2026-10-09T07:00:00+05:30,STORE_011,8,5,3.5,0,NONE
2026-10-09T07:00:00+05:30,STORE_012,8,5,3.5,0,NONE
2026-10-09T07:00:00+05:30,STORE_013,8,5,3.5,0,NONE
2026-10-09T07:00:00+05:30,STORE_014,8,5,3.5,0,NONE
2026-10-09T07:00:00+05:30,STORE_015,8,5,3.5,0,NONE
2026-10-09T07:00:00+05:30,STORE_016,8,5,3.5,0,NONE
2026-10-09T07:00:00+05:30,STORE_017,8,5,3.5,0,NONE
2026-10-09T07:00:00+05:30,STORE_018,8,5,3.5,0,NONE
2026-10-09T07:00:00+05:30,STORE_019,8,5,3.5,0,NONE
2026-10-09T07:00:00+05:30,STORE_020,8,5,3.5,0,NONE
2026-10-09T07:00:00+05:30,STORE_021,8,5,3.5,0,NONE
2026-10-09T07:00:00+05:30,STORE_022,8,5,3.5,0,NONE
2026-10-09T07:00:00+05:30,STORE_023,8,5,3.5,0,NONE
2026-10-09T07:00:00+05:30,STORE_024,8,5,3.5,0,NONE
2026-10-09T07:00:00+05:30,STORE_025,8,5,3.5,0,NONE
2026-10-09T07:00:00+05:30,STORE_026,8,5,3.5,0,NONE
2026-10-09T07:00:00+05:30,STORE_027,8,5,3.5,0,NONE
2026-10-09T07:00:00+05:30,STORE_028,8,5,3.5,0,NONE
2026-10-09T07:00:00+05:30,STORE_029,8,5,3.5,0,NONE
2026-10-09T07:00:00+05:30,STORE_030,8,5,3.5,0,NONE
2026-10-09T08:00:00+05:30,STORE_001,10,4,4.0,0,NONE
2026-10-09T08:00:00+05:30,STORE_002,8,5,3.5,0,NONE
2026-10-09T08:00:00+05:30,STORE_003,8,5,3.5,0,NONE
2026-10-09T08:00:00+05:30,STORE_004,8,5,3.5,0,NONE
2026-10-09T08:00:00+05:30,STORE_005,8,5,3.5,0,NONE
2026-10-09T08:00:00+05:30,STORE_006,8,5,3.5,0,NONE
2026-10-09T08:00:00+05:30,STORE_007,8,5,3.5,0,NONE
2026-10-09T08:00:00+05:30,STORE_008,8,5,3.5,0,NONE
2026-10-09T08:00:00+05:30,STORE_009,8,5,3.5,0,NONE
2026-10-09T08:00:00+05:30,STORE_010,8,5,3.5,0,NONE
2026-10-09T08:00:00+05:30,STORE_011,8,5,3.5,0,NONE
2026-10-09T08:00:00+05:30,STORE_012,8,5,3.5,0,NONE
2026-10-09T08:00:00+05:30,STORE_013,8,5,3.5,0,NONE
2026-10-09T08:00:00+05:30,STORE_014,8,5,3.5,0,NONE
2026-10-09T08:00:00+05:30,STORE_015,8,5,3.5,0,NONE
2026-10-09T08:00:00+05:30,STORE_016,8,5,3.5,0,NONE
2026-10-09T08:00:00+05:30,STORE_017,8,5,3.5,0,NONE
2026-10-09T08:00:00+05:30,STORE_018,8,5,3.5,0,NONE
2026-10-09T08:00:00+05:30,STORE_019,8,5,3.5,0,NONE
2026-10-09T08:00:00+05:30,STORE_020,8,5,3.5,0,NONE
2026-10-09T08:00:00+05:30,STORE_021,8,5,3.5,0,NONE
2026-10-09T08:00:00+05:30,STORE_022,8,5,3.5,0,NONE
2026-10-09T08:00:00+05:30,STORE_023,8,5,3.5,0,NONE
2026-10-09T08:00:00+05:30,STORE_024,8,5,3.5,0,NONE
2026-10-09T08:00:00+05:30,STORE_025,8,5,3.5,0,NONE
2026-10-09T08:00:00+05:30,STORE_026,8,5,3.5,0,NONE
2026-10-09T08:00:00+05:30,STORE_027,8,5,3.5,0,NONE
2026-10-09T08:00:00+05:30,STORE_028,8,5,3.5,0,NONE
2026-10-09T08:00:00+05:30,STORE_029,8,5,3.5,0,NONE
2026-10-09T08:00:00+05:30,STORE_030,8,5,3.5,0,NONE
2026-10-09T09:00:00+05:30,STORE_001,10,4,4.0,0,NONE
2026-10-09T09:00:00+05:30,STORE_002,8,5,3.5,0,NONE
2026-10-09T09:00:00+05:30,STORE_003,8,5,3.5,0,NONE
2026-10-09T09:00:00+05:30,STORE_004,8,5,3.5,0,NONE
2026-10-09T09:00:00+05:30,STORE_005,8,5,3.5,0,NONE
2026-10-09T09:00:00+05:30,STORE_006,8,5,3.5,0,NONE
2026-10-09T09:00:00+05:30,STORE_007,8,5,3.5,0,NONE
2026-10-09T09:00:00+05:30,STORE_008,8,5,3.5,0,NONE
2026-10-09T09:00:00+05:30,STORE_009,8,5,3.5,0,NONE
2026-10-09T09:00:00+05:30,STORE_010,8,5,3.5,0,NONE
2026-10-09T09:00:00+05:30,STORE_011,8,5,3.5,0,NONE
2026-10-09T09:00:00+05:30,STORE_012,8,5,3.5,0,NONE
2026-10-09T09:00:00+05:30,STORE_013,8,5,3.5,0,NONE
2026-10-09T09:00:00+05:30,STORE_014,8,5,3.5,0,NONE
2026-10-09T09:00:00+05:30,STORE_015,8,5,3.5,0,NONE
2026-10-09T09:00:00+05:30,STORE_016,8,5,3.5,0,NONE
2026-10-09T09:00:00+05:30,STORE_017,8,5,3.5,0,NONE
2026-10-09T09:00:00+05:30,STORE_018,8,5,3.5,0,NONE
2026-10-09T09:00:00+05:30,STORE_019,8,5,3.5,0,NONE
2026-10-09T09:00:00+05:30,STORE_020,8,5,3.5,0,NONE
2026-10-09T09:00:00+05:30,STORE_021,8,5,3.5,0,NONE
2026-10-09T09:00:00+05:30,STORE_022,8,5,3.5,0,NONE
2026-10-09T09:00:00+05:30,STORE_023,8,5,3.5,0,NONE
2026-10-09T09:00:00+05:30,STORE_024,8,5,3.5,0,NONE
2026-10-09T09:00:00+05:30,STORE_025,8,5,3.5,0,NONE
2026-10-09T09:00:00+05:30,STORE_026,8,5,3.5,0,NONE
2026-10-09T09:00:00+05:30,STORE_027,8,5,3.5,0,NONE
2026-10-09T09:00:00+05:30,STORE_028,8,5,3.5,0,NONE
2026-10-09T09:00:00+05:30,STORE_029,8,5,3.5,0,NONE
2026-10-09T09:00:00+05:30,STORE_030,8,5,3.5,0,NONE
2026-10-09T10:00:00+05:30,STORE_001,10,4,4.0,0,NONE
2026-10-09T10:00:00+05:30,STORE_002,8,5,3.5,0,NONE
2026-10-09T10:00:00+05:30,STORE_003,8,5,3.5,0,NONE
2026-10-09T10:00:00+05:30,STORE_004,8,5,3.5,0,NONE
2026-10-09T10:00:00+05:30,STORE_005,8,5,3.5,0,NONE
2026-10-09T10:00:00+05:30,STORE_006,8,5,3.5,0,NONE
2026-10-09T10:00:00+05:30,STORE_007,8,5,3.5,0,NONE
2026-10-09T10:00:00+05:30,STORE_008,8,5,3.5,0,NONE
2026-10-09T10:00:00+05:30,STORE_009,8,5,3.5,0,NONE
2026-10-09T10:00:00+05:30,STORE_010,8,5,3.5,0,NONE
2026-10-09T10:00:00+05:30,STORE_011,8,5,3.5,0,NONE
2026-10-09T10:00:00+05:30,STORE_012,8,5,3.5,0,NONE
2026-10-09T10:00:00+05:30,STORE_013,8,5,3.5,0,NONE
2026-10-09T10:00:00+05:30,STORE_014,8,5,3.5,0,NONE
2026-10-09T10:00:00+05:30,STORE_015,8,5,3.5,0,NONE
2026-10-09T10:00:00+05:30,STORE_016,8,5,3.5,0,NONE
2026-10-09T10:00:00+05:30,STORE_017,8,5,3.5,0,NONE
2026-10-09T10:00:00+05:30,STORE_018,8,5,3.5,0,NONE
2026-10-09T10:00:00+05:30,STORE_019,8,5,3.5,0,NONE
2026-10-09T10:00:00+05:30,STORE_020,8,5,3.5,0,NONE
2026-10-09T10:00:00+05:30,STORE_021,8,5,3.5,0,NONE
2026-10-09T10:00:00+05:30,STORE_022,8,5,3.5,0,NONE
2026-10-09T10:00:00+05:30,STORE_023,8,5,3.5,0,NONE
2026-10-09T10:00:00+05:30,STORE_024,8,5,3.5,0,NONE
2026-10-09T10:00:00+05:30,STORE_025,8,5,3.5,0,NONE
2026-10-09T10:00:00+05:30,STORE_026,8,5,3.5,0,NONE
2026-10-09T10:00:00+05:30,STORE_027,8,5,3.5,0,NONE
2026-10-09T10:00:00+05:30,STORE_028,8,5,3.5,0,NONE
2026-10-09T10:00:00+05:30,STORE_029,8,5,3.5,0,NONE
2026-10-09T10:00:00+05:30,STORE_030,8,5,3.5,0,NONE
2026-10-09T11:00:00+05:30,STORE_001,10,4,4.0,0,NONE
2026-10-09T11:00:00+05:30,STORE_002,8,5,3.5,0,NONE
2026-10-09T11:00:00+05:30,STORE_003,8,5,3.5,0,NONE
2026-10-09T11:00:00+05:30,STORE_004,8,5,3.5,0,NONE
2026-10-09T11:00:00+05:30,STORE_005,8,5,3.5,0,NONE
2026-10-09T11:00:00+05:30,STORE_006,8,5,3.5,0,NONE
2026-10-09T11:00:00+05:30,STORE_007,8,5,3.5,0,NONE
2026-10-09T11:00:00+05:30,STORE_008,8,5,3.5,0,NONE
2026-10-09T11:00:00+05:30,STORE_009,8,5,3.5,0,NONE
2026-10-09T11:00:00+05:30,STORE_010,8,5,3.5,0,NONE
2026-10-09T11:00:00+05:30,STORE_011,8,5,3.5,0,NONE
2026-10-09T11:00:00+05:30,STORE_012,8,5,3.5,0,NONE
2026-10-09T11:00:00+05:30,STORE_013,8,5,3.5,0,NONE
2026-10-09T11:00:00+05:30,STORE_014,8,5,3.5,0,NONE
2026-10-09T11:00:00+05:30,STORE_015,8,5,3.5,0,NONE
2026-10-09T11:00:00+05:30,STORE_016,8,5,3.5,0,NONE
2026-10-09T11:00:00+05:30,STORE_017,8,5,3.5,0,NONE
2026-10-09T11:00:00+05:30,STORE_018,8,5,3.5,0,NONE
2026-10-09T11:00:00+05:30,STORE_019,8,5,3.5,0,NONE
2026-10-09T11:00:00+05:30,STORE_020,8,5,3.5,0,NONE
2026-10-09T11:00:00+05:30,STORE_021,8,5,3.5,0,NONE
2026-10-09T11:00:00+05:30,STORE_022,8,5,3.5,0,NONE
2026-10-09T11:00:00+05:30,STORE_023,8,5,3.5,0,NONE
2026-10-09T11:00:00+05:30,STORE_024,8,5,3.5,0,NONE
2026-10-09T11:00:00+05:30,STORE_025,8,5,3.5,0,NONE
2026-10-09T11:00:00+05:30,STORE_026,8,5,3.5,0,NONE
2026-10-09T11:00:00+05:30,STORE_027,8,5,3.5,0,NONE
2026-10-09T11:00:00+05:30,STORE_028,8,5,3.5,0,NONE
2026-10-09T11:00:00+05:30,STORE_029,8,5,3.5,0,NONE
2026-10-09T11:00:00+05:30,STORE_030,8,5,3.5,0,NONE
2026-10-09T12:00:00+05:30,STORE_001,10,4,4.0,0,NONE
2026-10-09T12:00:00+05:30,STORE_002,8,5,3.5,0,NONE
2026-10-09T12:00:00+05:30,STORE_003,8,5,3.5,0,NONE
2026-10-09T12:00:00+05:30,STORE_004,8,5,3.5,0,NONE
2026-10-09T12:00:00+05:30,STORE_005,8,5,3.5,0,NONE
2026-10-09T12:00:00+05:30,STORE_006,8,5,3.5,0,NONE
2026-10-09T12:00:00+05:30,STORE_007,8,5,3.5,0,NONE
2026-10-09T12:00:00+05:30,STORE_008,8,5,3.5,0,NONE
2026-10-09T12:00:00+05:30,STORE_009,8,5,3.5,0,NONE
2026-10-09T12:00:00+05:30,STORE_010,8,5,3.5,0,NONE
2026-10-09T12:00:00+05:30,STORE_011,8,5,3.5,0,NONE
2026-10-09T12:00:00+05:30,STORE_012,8,5,3.5,0,NONE
2026-10-09T12:00:00+05:30,STORE_013,8,5,3.5,0,NONE
2026-10-09T12:00:00+05:30,STORE_014,8,5,3.5,0,NONE
2026-10-09T12:00:00+05:30,STORE_015,8,5,3.5,0,NONE
2026-10-09T12:00:00+05:30,STORE_016,8,5,3.5,0,NONE
2026-10-09T12:00:00+05:30,STORE_017,8,5,3.5,0,NONE
2026-10-09T12:00:00+05:30,STORE_018,8,5,3.5,0,NONE
2026-10-09T12:00:00+05:30,STORE_019,8,5,3.5,0,NONE
2026-10-09T12:00:00+05:30,STORE_020,8,5,3.5,0,NONE
2026-10-09T12:00:00+05:30,STORE_021,8,5,3.5,0,NONE
2026-10-09T12:00:00+05:30,STORE_022,8,5,3.5,0,NONE
2026-10-09T12:00:00+05:30,STORE_023,8,5,3.5,0,NONE
2026-10-09T12:00:00+05:30,STORE_024,8,5,3.5,0,NONE
2026-10-09T12:00:00+05:30,STORE_025,8,5,3.5,0,NONE
2026-10-09T12:00:00+05:30,STORE_026,8,5,3.5,0,NONE
2026-10-09T12:00:00+05:30,STORE_027,8,5,3.5,0,NONE
2026-10-09T12:00:00+05:30,STORE_028,8,5,3.5,0,NONE
2026-10-09T12:00:00+05:30,STORE_029,8,5,3.5,0,NONE
2026-10-09T12:00:00+05:30,STORE_030,8,5,3.5,0,NONE
2026-10-09T13:00:00+05:30,STORE_001,10,4,4.0,0,NONE
2026-10-09T13:00:00+05:30,STORE_002,8,5,3.5,0,NONE
2026-10-09T13:00:00+05:30,STORE_003,8,5,3.5,0,NONE
2026-10-09T13:00:00+05:30,STORE_004,8,5,3.5,0,NONE
2026-10-09T13:00:00+05:30,STORE_005,8,5,3.5,0,NONE
2026-10-09T13:00:00+05:30,STORE_006,8,5,3.5,0,NONE
2026-10-09T13:00:00+05:30,STORE_007,8,5,3.5,0,NONE
2026-10-09T13:00:00+05:30,STORE_008,8,5,3.5,0,NONE
2026-10-09T13:00:00+05:30,STORE_009,8,5,3.5,0,NONE
2026-10-09T13:00:00+05:30,STORE_010,8,5,3.5,0,NONE
2026-10-09T13:00:00+05:30,STORE_011,8,5,3.5,0,NONE
2026-10-09T13:00:00+05:30,STORE_012,8,5,3.5,0,NONE
2026-10-09T13:00:00+05:30,STORE_013,8,5,3.5,0,NONE
2026-10-09T13:00:00+05:30,STORE_014,8,5,3.5,0,NONE
2026-10-09T13:00:00+05:30,STORE_015,8,5,3.5,0,NONE
2026-10-09T13:00:00+05:30,STORE_016,8,5,3.5,0,NONE
2026-10-09T13:00:00+05:30,STORE_017,8,5,3.5,0,NONE
2026-10-09T13:00:00+05:30,STORE_018,8,5,3.5,0,NONE
2026-10-09T13:00:00+05:30,STORE_019,8,5,3.5,0,NONE
2026-10-09T13:00:00+05:30,STORE_020,8,5,3.5,0,NONE
2026-10-09T13:00:00+05:30,STORE_021,8,5,3.5,0,NONE
2026-10-09T13:00:00+05:30,STORE_022,8,5,3.5,0,NONE
2026-10-09T13:00:00+05:30,STORE_023,8,5,3.5,0,NONE
2026-10-09T13:00:00+05:30,STORE_024,8,5,3.5,0,NONE
2026-10-09T13:00:00+05:30,STORE_025,8,5,3.5,0,NONE
2026-10-09T13:00:00+05:30,STORE_026,8,5,3.5,0,NONE
2026-10-09T13:00:00+05:30,STORE_027,8,5,3.5,0,NONE
2026-10-09T13:00:00+05:30,STORE_028,8,5,3.5,0,NONE
2026-10-09T13:00:00+05:30,STORE_029,8,5,3.5,0,NONE
2026-10-09T13:00:00+05:30,STORE_030,8,5,3.5,0,NONE
2026-10-09T14:00:00+05:30,STORE_001,10,4,4.0,0,NONE
2026-10-09T14:00:00+05:30,STORE_002,8,5,3.5,0,NONE
2026-10-09T14:00:00+05:30,STORE_003,8,5,3.5,0,NONE
2026-10-09T14:00:00+05:30,STORE_004,8,5,3.5,0,NONE
2026-10-09T14:00:00+05:30,STORE_005,8,5,3.5,0,NONE
2026-10-09T14:00:00+05:30,STORE_006,8,5,3.5,0,NONE
2026-10-09T14:00:00+05:30,STORE_007,8,5,3.5,0,NONE
2026-10-09T14:00:00+05:30,STORE_008,8,5,3.5,0,NONE
2026-10-09T14:00:00+05:30,STORE_009,8,5,3.5,0,NONE
2026-10-09T14:00:00+05:30,STORE_010,8,5,3.5,0,NONE
2026-10-09T14:00:00+05:30,STORE_011,8,5,3.5,0,NONE
2026-10-09T14:00:00+05:30,STORE_012,8,5,3.5,0,NONE
2026-10-09T14:00:00+05:30,STORE_013,8,5,3.5,0,NONE
2026-10-09T14:00:00+05:30,STORE_014,8,5,3.5,0,NONE
2026-10-09T14:00:00+05:30,STORE_015,8,5,3.5,0,NONE
2026-10-09T14:00:00+05:30,STORE_016,8,5,3.5,0,NONE
2026-10-09T14:00:00+05:30,STORE_017,8,5,3.5,0,NONE
2026-10-09T14:00:00+05:30,STORE_018,8,5,3.5,0,NONE
2026-10-09T14:00:00+05:30,STORE_019,8,5,3.5,0,NONE
2026-10-09T14:00:00+05:30,STORE_020,8,5,3.5,0,NONE
2026-10-09T14:00:00+05:30,STORE_021,8,5,3.5,0,NONE
2026-10-09T14:00:00+05:30,STORE_022,8,5,3.5,0,NONE
2026-10-09T14:00:00+05:30,STORE_023,8,5,3.5,0,NONE
2026-10-09T14:00:00+05:30,STORE_024,8,5,3.5,0,NONE
2026-10-09T14:00:00+05:30,STORE_025,8,5,3.5,0,NONE
2026-10-09T14:00:00+05:30,STORE_026,8,5,3.5,0,NONE
2026-10-09T14:00:00+05:30,STORE_027,8,5,3.5,0,NONE
2026-10-09T14:00:00+05:30,STORE_028,8,5,3.5,0,NONE
2026-10-09T14:00:00+05:30,STORE_029,8,5,3.5,0,NONE
2026-10-09T14:00:00+05:30,STORE_030,8,5,3.5,0,NONE
2026-10-09T15:00:00+05:30,STORE_001,10,4,4.0,0,NONE
2026-10-09T15:00:00+05:30,STORE_002,8,5,3.5,0,NONE
2026-10-09T15:00:00+05:30,STORE_003,8,5,3.5,0,NONE
2026-10-09T15:00:00+05:30,STORE_004,8,5,3.5,0,NONE
2026-10-09T15:00:00+05:30,STORE_005,8,5,3.5,0,NONE
2026-10-09T15:00:00+05:30,STORE_006,8,5,3.5,0,NONE
2026-10-09T15:00:00+05:30,STORE_007,8,5,3.5,0,NONE
2026-10-09T15:00:00+05:30,STORE_008,8,5,3.5,0,NONE
2026-10-09T15:00:00+05:30,STORE_009,8,5,3.5,0,NONE
2026-10-09T15:00:00+05:30,STORE_010,8,5,3.5,0,NONE
2026-10-09T15:00:00+05:30,STORE_011,8,5,3.5,0,NONE
2026-10-09T15:00:00+05:30,STORE_012,8,5,3.5,0,NONE
2026-10-09T15:00:00+05:30,STORE_013,8,5,3.5,0,NONE
2026-10-09T15:00:00+05:30,STORE_014,8,5,3.5,0,NONE
2026-10-09T15:00:00+05:30,STORE_015,8,5,3.5,0,NONE
2026-10-09T15:00:00+05:30,STORE_016,8,5,3.5,0,NONE
2026-10-09T15:00:00+05:30,STORE_017,8,5,3.5,0,NONE
2026-10-09T15:00:00+05:30,STORE_018,8,5,3.5,0,NONE
2026-10-09T15:00:00+05:30,STORE_019,8,5,3.5,0,NONE
2026-10-09T15:00:00+05:30,STORE_020,8,5,3.5,0,NONE
2026-10-09T15:00:00+05:30,STORE_021,8,5,3.5,0,NONE
2026-10-09T15:00:00+05:30,STORE_022,8,5,3.5,0,NONE
2026-10-09T15:00:00+05:30,STORE_023,8,5,3.5,0,NONE
2026-10-09T15:00:00+05:30,STORE_024,8,5,3.5,0,NONE
2026-10-09T15:00:00+05:30,STORE_025,8,5,3.5,0,NONE
2026-10-09T15:00:00+05:30,STORE_026,8,5,3.5,0,NONE
2026-10-09T15:00:00+05:30,STORE_027,8,5,3.5,0,NONE
2026-10-09T15:00:00+05:30,STORE_028,8,5,3.5,0,NONE
2026-10-09T15:00:00+05:30,STORE_029,8,5,3.5,0,NONE
2026-10-09T15:00:00+05:30,STORE_030,8,5,3.5,0,NONE
2026-10-09T16:00:00+05:30,STORE_001,10,4,4.0,0,NONE
2026-10-09T16:00:00+05:30,STORE_002,8,5,3.5,0,NONE
2026-10-09T16:00:00+05:30,STORE_003,8,5,3.5,0,NONE
2026-10-09T16:00:00+05:30,STORE_004,8,5,3.5,0,NONE
2026-10-09T16:00:00+05:30,STORE_005,8,5,3.5,0,NONE
2026-10-09T16:00:00+05:30,STORE_006,8,5,3.5,0,NONE
2026-10-09T16:00:00+05:30,STORE_007,8,5,3.5,0,NONE
2026-10-09T16:00:00+05:30,STORE_008,8,5,3.5,0,NONE
2026-10-09T16:00:00+05:30,STORE_009,8,5,3.5,0,NONE
2026-10-09T16:00:00+05:30,STORE_010,8,5,3.5,0,NONE
2026-10-09T16:00:00+05:30,STORE_011,8,5,3.5,0,NONE
2026-10-09T16:00:00+05:30,STORE_012,8,5,3.5,0,NONE
2026-10-09T16:00:00+05:30,STORE_013,8,5,3.5,0,NONE
2026-10-09T16:00:00+05:30,STORE_014,8,5,3.5,0,NONE
2026-10-09T16:00:00+05:30,STORE_015,8,5,3.5,0,NONE
2026-10-09T16:00:00+05:30,STORE_016,8,5,3.5,0,NONE
2026-10-09T16:00:00+05:30,STORE_017,8,5,3.5,0,NONE
2026-10-09T16:00:00+05:30,STORE_018,8,5,3.5,0,NONE
2026-10-09T16:00:00+05:30,STORE_019,8,5,3.5,0,NONE
2026-10-09T16:00:00+05:30,STORE_020,8,5,3.5,0,NONE
2026-10-09T16:00:00+05:30,STORE_021,8,5,3.5,0,NONE
2026-10-09T16:00:00+05:30,STORE_022,8,5,3.5,0,NONE
2026-10-09T16:00:00+05:30,STORE_023,8,5,3.5,0,NONE
2026-10-09T16:00:00+05:30,STORE_024,8,5,3.5,0,NONE
2026-10-09T16:00:00+05:30,STORE_025,8,5,3.5,0,NONE
2026-10-09T16:00:00+05:30,STORE_026,8,5,3.5,0,NONE
2026-10-09T16:00:00+05:30,STORE_027,8,5,3.5,0,NONE
2026-10-09T16:00:00+05:30,STORE_028,8,5,3.5,0,NONE
2026-10-09T16:00:00+05:30,STORE_029,8,5,3.5,0,NONE
2026-10-09T16:00:00+05:30,STORE_030,8,5,3.5,0,NONE
2026-10-09T17:00:00+05:30,STORE_001,10,4,4.0,0,NONE
2026-10-09T17:00:00+05:30,STORE_002,8,5,3.5,0,NONE
2026-10-09T17:00:00+05:30,STORE_003,8,5,3.5,0,NONE
2026-10-09T17:00:00+05:30,STORE_004,1,9,3.0,8,CRITICAL
2026-10-09T17:00:00+05:30,STORE_005,8,5,3.5,0,NONE
2026-10-09T17:00:00+05:30,STORE_006,8,5,3.5,0,NONE
2026-10-09T17:00:00+05:30,STORE_007,8,5,3.5,0,NONE
2026-10-09T17:00:00+05:30,STORE_008,8,5,3.5,0,NONE
2026-10-09T17:00:00+05:30,STORE_009,8,5,3.5,0,NONE
2026-10-09T17:00:00+05:30,STORE_010,8,5,3.5,0,NONE
2026-10-09T17:00:00+05:30,STORE_011,8,5,3.5,0,NONE
2026-10-09T17:00:00+05:30,STORE_012,8,5,3.5,0,NONE
2026-10-09T17:00:00+05:30,STORE_013,8,5,3.5,0,NONE
2026-10-09T17:00:00+05:30,STORE_014,8,5,3.5,0,NONE
2026-10-09T17:00:00+05:30,STORE_015,8,5,3.5,0,NONE
2026-10-09T17:00:00+05:30,STORE_016,8,5,3.5,0,NONE
2026-10-09T17:00:00+05:30,STORE_017,8,5,3.5,0,NONE
2026-10-09T17:00:00+05:30,STORE_018,8,5,3.5,0,NONE
2026-10-09T17:00:00+05:30,STORE_019,8,5,3.5,0,NONE
2026-10-09T17:00:00+05:30,STORE_020,8,5,3.5,0,NONE
2026-10-09T17:00:00+05:30,STORE_021,8,5,3.5,0,NONE
2026-10-09T17:00:00+05:30,STORE_022,8,5,3.5,0,NONE
2026-10-09T17:00:00+05:30,STORE_023,8,5,3.5,0,NONE
2026-10-09T17:00:00+05:30,STORE_024,8,5,3.5,0,NONE
2026-10-09T17:00:00+05:30,STORE_025,8,5,3.5,0,NONE
2026-10-09T17:00:00+05:30,STORE_026,8,5,3.5,0,NONE
2026-10-09T17:00:00+05:30,STORE_027,8,5,3.5,0,NONE
2026-10-09T17:00:00+05:30,STORE_028,8,5,3.5,0,NONE
2026-10-09T17:00:00+05:30,STORE_029,8,5,3.5,0,NONE
2026-10-09T17:00:00+05:30,STORE_030,8,5,3.5,0,NONE
2026-10-09T18:00:00+05:30,STORE_001,10,4,4.0,0,NONE
2026-10-09T18:00:00+05:30,STORE_002,8,5,3.5,0,NONE
2026-10-09T18:00:00+05:30,STORE_003,8,5,3.5,0,NONE
2026-10-09T18:00:00+05:30,STORE_004,1,9,3.0,8,CRITICAL
2026-10-09T18:00:00+05:30,STORE_005,8,5,3.5,0,NONE
2026-10-09T18:00:00+05:30,STORE_006,8,5,3.5,0,NONE
2026-10-09T18:00:00+05:30,STORE_007,8,5,3.5,0,NONE
2026-10-09T18:00:00+05:30,STORE_008,8,5,3.5,0,NONE
2026-10-09T18:00:00+05:30,STORE_009,8,5,3.5,0,NONE
2026-10-09T18:00:00+05:30,STORE_010,8,5,3.5,0,NONE
2026-10-09T18:00:00+05:30,STORE_011,8,5,3.5,0,NONE
2026-10-09T18:00:00+05:30,STORE_012,8,5,3.5,0,NONE
2026-10-09T18:00:00+05:30,STORE_013,8,5,3.5,0,NONE
2026-10-09T18:00:00+05:30,STORE_014,8,5,3.5,0,NONE
2026-10-09T18:00:00+05:30,STORE_015,8,5,3.5,0,NONE
2026-10-09T18:00:00+05:30,STORE_016,8,5,3.5,0,NONE
2026-10-09T18:00:00+05:30,STORE_017,8,5,3.5,0,NONE
2026-10-09T18:00:00+05:30,STORE_018,8,5,3.5,0,NONE
2026-10-09T18:00:00+05:30,STORE_019,8,5,3.5,0,NONE
2026-10-09T18:00:00+05:30,STORE_020,8,5,3.5,0,NONE
2026-10-09T18:00:00+05:30,STORE_021,8,5,3.5,0,NONE
2026-10-09T18:00:00+05:30,STORE_022,8,5,3.5,0,NONE
2026-10-09T18:00:00+05:30,STORE_023,8,5,3.5,0,NONE
2026-10-09T18:00:00+05:30,STORE_024,8,5,3.5,0,NONE
2026-10-09T18:00:00+05:30,STORE_025,8,5,3.5,0,NONE
2026-10-09T18:00:00+05:30,STORE_026,8,5,3.5,0,NONE
2026-10-09T18:00:00+05:30,STORE_027,8,5,3.5,0,NONE
2026-10-09T18:00:00+05:30,STORE_028,8,5,3.5,0,NONE
2026-10-09T18:00:00+05:30,STORE_029,8,5,3.5,0,NONE
2026-10-09T18:00:00+05:30,STORE_030,8,5,3.5,0,NONE
2026-10-09T19:00:00+05:30,STORE_001,10,4,4.0,0,NONE
2026-10-09T19:00:00+05:30,STORE_002,8,5,3.5,0,NONE
2026-10-09T19:00:00+05:30,STORE_003,8,5,3.5,0,NONE
2026-10-09T19:00:00+05:30,STORE_004,1,9,3.0,8,CRITICAL
2026-10-09T19:00:00+05:30,STORE_005,8,5,3.5,0,NONE
2026-10-09T19:00:00+05:30,STORE_006,8,5,3.5,0,NONE
2026-10-09T19:00:00+05:30,STORE_007,3,9,3.0,6,HIGH
2026-10-09T19:00:00+05:30,STORE_008,8,5,3.5,0,NONE
2026-10-09T19:00:00+05:30,STORE_009,8,5,3.5,0,NONE
2026-10-09T19:00:00+05:30,STORE_010,8,5,3.5,0,NONE
2026-10-09T19:00:00+05:30,STORE_011,8,5,3.5,0,NONE
2026-10-09T19:00:00+05:30,STORE_012,8,5,3.5,0,NONE
2026-10-09T19:00:00+05:30,STORE_013,8,5,3.5,0,NONE
2026-10-09T19:00:00+05:30,STORE_014,8,5,3.5,0,NONE
2026-10-09T19:00:00+05:30,STORE_015,8,5,3.5,0,NONE
2026-10-09T19:00:00+05:30,STORE_016,8,5,3.5,0,NONE
2026-10-09T19:00:00+05:30,STORE_017,8,5,3.5,0,NONE
2026-10-09T19:00:00+05:30,STORE_018,8,5,3.5,0,NONE
2026-10-09T19:00:00+05:30,STORE_019,8,5,3.5,0,NONE
2026-10-09T19:00:00+05:30,STORE_020,8,5,3.5,0,NONE
2026-10-09T19:00:00+05:30,STORE_021,8,5,3.5,0,NONE
2026-10-09T19:00:00+05:30,STORE_022,8,5,3.5,0,NONE
2026-10-09T19:00:00+05:30,STORE_023,8,5,3.5,0,NONE
2026-10-09T19:00:00+05:30,STORE_024,8,5,3.5,0,NONE
2026-10-09T19:00:00+05:30,STORE_025,8,5,3.5,0,NONE
2026-10-09T19:00:00+05:30,STORE_026,8,5,3.5,0,NONE
2026-10-09T19:00:00+05:30,STORE_027,8,5,3.5,0,NONE
2026-10-09T19:00:00+05:30,STORE_028,8,5,3.5,0,NONE
2026-10-09T19:00:00+05:30,STORE_029,8,5,3.5,0,NONE
2026-10-09T19:00:00+05:30,STORE_030,8,5,3.5,0,NONE
2026-10-09T20:00:00+05:30,STORE_001,10,4,4.0,0,NONE
2026-10-09T20:00:00+05:30,STORE_002,8,5,3.5,0,NONE
2026-10-09T20:00:00+05:30,STORE_003,8,5,3.5,0,NONE
2026-10-09T20:00:00+05:30,STORE_004,1,9,3.0,8,CRITICAL
2026-10-09T20:00:00+05:30,STORE_005,8,5,3.5,0,NONE
2026-10-09T20:00:00+05:30,STORE_006,8,5,3.5,0,NONE
2026-10-09T20:00:00+05:30,STORE_007,3,9,3.0,6,HIGH
2026-10-09T20:00:00+05:30,STORE_008,8,5,3.5,0,NONE
2026-10-09T20:00:00+05:30,STORE_009,8,5,3.5,0,NONE
2026-10-09T20:00:00+05:30,STORE_010,8,5,3.5,0,NONE
2026-10-09T20:00:00+05:30,STORE_011,8,5,3.5,0,NONE
2026-10-09T20:00:00+05:30,STORE_012,8,5,3.5,0,NONE
2026-10-09T20:00:00+05:30,STORE_013,8,5,3.5,0,NONE
2026-10-09T20:00:00+05:30,STORE_014,8,5,3.5,0,NONE
2026-10-09T20:00:00+05:30,STORE_015,8,5,3.5,0,NONE
2026-10-09T20:00:00+05:30,STORE_016,8,5,3.5,0,NONE
2026-10-09T20:00:00+05:30,STORE_017,8,5,3.5,0,NONE
2026-10-09T20:00:00+05:30,STORE_018,8,5,3.5,0,NONE
2026-10-09T20:00:00+05:30,STORE_019,8,5,3.5,0,NONE
2026-10-09T20:00:00+05:30,STORE_020,8,5,3.5,0,NONE
2026-10-09T20:00:00+05:30,STORE_021,8,5,3.5,0,NONE
2026-10-09T20:00:00+05:30,STORE_022,8,5,3.5,0,NONE
2026-10-09T20:00:00+05:30,STORE_023,8,5,3.5,0,NONE
2026-10-09T20:00:00+05:30,STORE_024,8,5,3.5,0,NONE
2026-10-09T20:00:00+05:30,STORE_025,8,5,3.5,0,NONE
2026-10-09T20:00:00+05:30,STORE_026,8,5,3.5,0,NONE
2026-10-09T20:00:00+05:30,STORE_027,8,5,3.5,0,NONE
2026-10-09T20:00:00+05:30,STORE_028,8,5,3.5,0,NONE
2026-10-09T20:00:00+05:30,STORE_029,8,5,3.5,0,NONE
2026-10-09T20:00:00+05:30,STORE_030,8,5,3.5,0,NONE
2026-10-09T21:00:00+05:30,STORE_001,10,4,4.0,0,NONE
2026-10-09T21:00:00+05:30,STORE_002,8,5,3.5,0,NONE
2026-10-09T21:00:00+05:30,STORE_003,8,5,3.5,0,NONE
2026-10-09T21:00:00+05:30,STORE_004,1,9,3.0,8,CRITICAL
2026-10-09T21:00:00+05:30,STORE_005,8,5,3.5,0,NONE
2026-10-09T21:00:00+05:30,STORE_006,8,5,3.5,0,NONE
2026-10-09T21:00:00+05:30,STORE_007,3,9,3.0,6,HIGH
2026-10-09T21:00:00+05:30,STORE_008,8,5,3.5,0,NONE
2026-10-09T21:00:00+05:30,STORE_009,8,5,3.5,0,NONE
2026-10-09T21:00:00+05:30,STORE_010,8,5,3.5,0,NONE
2026-10-09T21:00:00+05:30,STORE_011,8,5,3.5,0,NONE
2026-10-09T21:00:00+05:30,STORE_012,8,5,3.5,0,NONE
2026-10-09T21:00:00+05:30,STORE_013,8,5,3.5,0,NONE
2026-10-09T21:00:00+05:30,STORE_014,8,5,3.5,0,NONE
2026-10-09T21:00:00+05:30,STORE_015,8,5,3.5,0,NONE
2026-10-09T21:00:00+05:30,STORE_016,8,5,3.5,0,NONE
2026-10-09T21:00:00+05:30,STORE_017,8,5,3.5,0,NONE
2026-10-09T21:00:00+05:30,STORE_018,8,5,3.5,0,NONE
2026-10-09T21:00:00+05:30,STORE_019,8,5,3.5,0,NONE
2026-10-09T21:00:00+05:30,STORE_020,8,5,3.5,0,NONE
2026-10-09T21:00:00+05:30,STORE_021,8,5,3.5,0,NONE
2026-10-09T21:00:00+05:30,STORE_022,8,5,3.5,0,NONE
2026-10-09T21:00:00+05:30,STORE_023,8,5,3.5,0,NONE
2026-10-09T21:00:00+05:30,STORE_024,8,5,3.5,0,NONE
2026-10-09T21:00:00+05:30,STORE_025,8,5,3.5,0,NONE
2026-10-09T21:00:00+05:30,STORE_026,8,5,3.5,0,NONE
2026-10-09T21:00:00+05:30,STORE_027,8,5,3.5,0,NONE
2026-10-09T21:00:00+05:30,STORE_028,8,5,3.5,0,NONE
2026-10-09T21:00:00+05:30,STORE_029,8,5,3.5,0,NONE
2026-10-09T21:00:00+05:30,STORE_030,8,5,3.5,0,NONE
2026-10-09T22:00:00+05:30,STORE_001,10,4,4.0,0,NONE
2026-10-09T22:00:00+05:30,STORE_002,8,5,3.5,0,NONE
2026-10-09T22:00:00+05:30,STORE_003,8,5,3.5,0,NONE
2026-10-09T22:00:00+05:30,STORE_004,1,9,3.0,8,CRITICAL
2026-10-09T22:00:00+05:30,STORE_005,8,5,3.5,0,NONE
2026-10-09T22:00:00+05:30,STORE_006,8,5,3.5,0,NONE
2026-10-09T22:00:00+05:30,STORE_007,3,9,3.0,6,HIGH
2026-10-09T22:00:00+05:30,STORE_008,8,5,3.5,0,NONE
2026-10-09T22:00:00+05:30,STORE_009,8,5,3.5,0,NONE
2026-10-09T22:00:00+05:30,STORE_010,8,5,3.5,0,NONE
2026-10-09T22:00:00+05:30,STORE_011,8,5,3.5,0,NONE
2026-10-09T22:00:00+05:30,STORE_012,8,5,3.5,0,NONE
2026-10-09T22:00:00+05:30,STORE_013,8,5,3.5,0,NONE
2026-10-09T22:00:00+05:30,STORE_014,8,5,3.5,0,NONE
2026-10-09T22:00:00+05:30,STORE_015,8,5,3.5,0,NONE
2026-10-09T22:00:00+05:30,STORE_016,8,5,3.5,0,NONE
2026-10-09T22:00:00+05:30,STORE_017,8,5,3.5,0,NONE
2026-10-09T22:00:00+05:30,STORE_018,8,5,3.5,0,NONE
2026-10-09T22:00:00+05:30,STORE_019,8,5,3.5,0,NONE
2026-10-09T22:00:00+05:30,STORE_020,8,5,3.5,0,NONE
2026-10-09T22:00:00+05:30,STORE_021,8,5,3.5,0,NONE
2026-10-09T22:00:00+05:30,STORE_022,8,5,3.5,0,NONE
2026-10-09T22:00:00+05:30,STORE_023,8,5,3.5,0,NONE
2026-10-09T22:00:00+05:30,STORE_024,8,5,3.5,0,NONE
2026-10-09T22:00:00+05:30,STORE_025,8,5,3.5,0,NONE
2026-10-09T22:00:00+05:30,STORE_026,8,5,3.5,0,NONE
2026-10-09T22:00:00+05:30,STORE_027,8,5,3.5,0,NONE
2026-10-09T22:00:00+05:30,STORE_028,8,5,3.5,0,NONE
2026-10-09T22:00:00+05:30,STORE_029,8,5,3.5,0,NONE
2026-10-09T22:00:00+05:30,STORE_030,8,5,3.5,0,NONE
2026-10-09T23:00:00+05:30,STORE_001,10,4,4.0,0,NONE
2026-10-09T23:00:00+05:30,STORE_002,8,5,3.5,0,NONE
2026-10-09T23:00:00+05:30,STORE_003,8,5,3.5,0,NONE
2026-10-09T23:00:00+05:30,STORE_004,8,5,3.5,0,NONE
2026-10-09T23:00:00+05:30,STORE_005,8,5,3.5,0,NONE
2026-10-09T23:00:00+05:30,STORE_006,8,5,3.5,0,NONE
2026-10-09T23:00:00+05:30,STORE_007,8,5,3.5,0,NONE
2026-10-09T23:00:00+05:30,STORE_008,8,5,3.5,0,NONE
2026-10-09T23:00:00+05:30,STORE_009,8,5,3.5,0,NONE
2026-10-09T23:00:00+05:30,STORE_010,8,5,3.5,0,NONE
2026-10-09T23:00:00+05:30,STORE_011,8,5,3.5,0,NONE
2026-10-09T23:00:00+05:30,STORE_012,8,5,3.5,0,NONE
2026-10-09T23:00:00+05:30,STORE_013,8,5,3.5,0,NONE
2026-10-09T23:00:00+05:30,STORE_014,8,5,3.5,0,NONE
2026-10-09T23:00:00+05:30,STORE_015,8,5,3.5,0,NONE
2026-10-09T23:00:00+05:30,STORE_016,8,5,3.5,0,NONE
2026-10-09T23:00:00+05:30,STORE_017,8,5,3.5,0,NONE
2026-10-09T23:00:00+05:30,STORE_018,8,5,3.5,0,NONE
2026-10-09T23:00:00+05:30,STORE_019,8,5,3.5,0,NONE
2026-10-09T23:00:00+05:30,STORE_020,8,5,3.5,0,NONE
2026-10-09T23:00:00+05:30,STORE_021,8,5,3.5,0,NONE
2026-10-09T23:00:00+05:30,STORE_022,8,5,3.5,0,NONE
2026-10-09T23:00:00+05:30,STORE_023,8,5,3.5,0,NONE
2026-10-09T23:00:00+05:30,STORE_024,8,5,3.5,0,NONE
2026-10-09T23:00:00+05:30,STORE_025,8,5,3.5,0,NONE
2026-10-09T23:00:00+05:30,STORE_026,8,5,3.5,0,NONE
2026-10-09T23:00:00+05:30,STORE_027,8,5,3.5,0,NONE
2026-10-09T23:00:00+05:30,STORE_028,8,5,3.5,0,NONE
2026-10-09T23:00:00+05:30,STORE_029,8,5,3.5,0,NONE
2026-10-09T23:00:00+05:30,STORE_030,8,5,3.5,0,NONE
