truck_id,store_id,route_id,driver_name,scheduled_departure_time,scheduled_arrival_time,truck_capacity_units,status,sku_id,allocated_quantity_units
TRK_STANDARD_407,STORE_007,ROUTE_KORAMANGALA_01,Rajesh Kumar,2026-10-09T18:00:00+05:30,2026-10-09T21:00:00+05:30,500,IN_TRANSIT,SKU_COLD_DRINK_750ML,100
TRK_EXPRESS_109,STORE_007,ROUTE_EXPRESS_WEST,Suresh Patel,2026-10-09T17:10:00+05:30,2026-10-09T17:35:00+05:30,200,SCHEDULED,SKU_COLD_DRINK_750ML,100
TRK_STANDARD_100,STORE_001,ROUTE_ZONE_01,Driver 1,2026-10-09T18:00:00+05:30,2026-10-09T20:00:00+05:30,500,SCHEDULED,SKU_COLD_DRINK_750ML,80
TRK_STANDARD_101,STORE_002,ROUTE_ZONE_02,Driver 2,2026-10-09T19:00:00+05:30,2026-10-09T21:00:00+05:30,500,SCHEDULED,SKU_COLD_DRINK_750ML,80
TRK_STANDARD_102,STORE_003,ROUTE_ZONE_03,Driver 3,2026-10-09T20:00:00+05:30,2026-10-09T22:00:00+05:30,500,SCHEDULED,SKU_COLD_DRINK_750ML,80
TRK_STANDARD_103,STORE_004,ROUTE_ZONE_04,Driver 4,2026-10-09T21:00:00+05:30,2026-10-09T23:00:00+05:30,500,SCHEDULED,SKU_COLD_DRINK_750ML,80
TRK_STANDARD_104,STORE_005,ROUTE_ZONE_05,Driver 5,2026-10-09T22:00:00+05:30,2026-10-10T00:00:00+05:30,500,SCHEDULED,SKU_COLD_DRINK_750ML,80
TRK_STANDARD_105,STORE_006,ROUTE_ZONE_01,Driver 6,2026-10-09T23:00:00+05:30,2026-10-10T01:00:00+05:30,500,SCHEDULED,SKU_COLD_DRINK_750ML,80
TRK_STANDARD_107,STORE_008,ROUTE_ZONE_03,Driver 8,2026-10-09T19:00:00+05:30,2026-10-09T21:00:00+05:30,500,SCHEDULED,SKU_COLD_DRINK_750ML,80
TRK_STANDARD_108,STORE_009,ROUTE_ZONE_04,Driver 9,2026-10-09T20:00:00+05:30,2026-10-09T22:00:00+05:30,500,SCHEDULED,SKU_COLD_DRINK_750ML,80
TRK_STANDARD_109,STORE_010,ROUTE_ZONE_05,Driver 10,2026-10-09T21:00:00+05:30,2026-10-09T23:00:00+05:30,500,SCHEDULED,SKU_COLD_DRINK_750ML,80
TRK_STANDARD_110,STORE_011,ROUTE_ZONE_01,Driver 11,2026-10-09T22:00:00+05:30,2026-10-10T00:00:00+05:30,500,SCHEDULED,SKU_COLD_DRINK_750ML,80
TRK_STANDARD_111,STORE_012,ROUTE_ZONE_02,Driver 12,2026-10-09T23:00:00+05:30,2026-10-10T01:00:00+05:30,500,SCHEDULED,SKU_COLD_DRINK_750ML,80
TRK_STANDARD_112,STORE_013,ROUTE_ZONE_03,Driver 13,2026-10-09T18:00:00+05:30,2026-10-09T20:00:00+05:30,500,SCHEDULED,SKU_COLD_DRINK_750ML,80
TRK_STANDARD_113,STORE_014,ROUTE_ZONE_04,Driver 14,2026-10-09T19:00:00+05:30,2026-10-09T21:00:00+05:30,500,SCHEDULED,SKU_COLD_DRINK_750ML,80
TRK_STANDARD_114,STORE_015,ROUTE_ZONE_05,Driver 15,2026-10-09T20:00:00+05:30,2026-10-09T22:00:00+05:30,500,SCHEDULED,SKU_COLD_DRINK_750ML,80
TRK_STANDARD_115,STORE_016,ROUTE_ZONE_01,Driver 16,2026-10-09T21:00:00+05:30,2026-10-09T23:00:00+05:30,500,SCHEDULED,SKU_COLD_DRINK_750ML,80
TRK_STANDARD_116,STORE_017,ROUTE_ZONE_02,Driver 17,2026-10-09T22:00:00+05:30,2026-10-10T00:00:00+05:30,500,SCHEDULED,SKU_COLD_DRINK_750ML,80
TRK_STANDARD_117,STORE_018,ROUTE_ZONE_03,Driver 18,2026-10-09T23:00:00+05:30,2026-10-10T01:00:00+05:30,500,SCHEDULED,SKU_COLD_DRINK_750ML,80
TRK_STANDARD_118,STORE_019,ROUTE_ZONE_04,Driver 19,2026-10-09T18:00:00+05:30,2026-10-09T20:00:00+05:30,500,SCHEDULED,SKU_COLD_DRINK_750ML,80
TRK_STANDARD_119,STORE_020,ROUTE_ZONE_05,Driver 20,2026-10-09T19:00:00+05:30,2026-10-09T21:00:00+05:30,500,SCHEDULED,SKU_COLD_DRINK_750ML,80
TRK_STANDARD_120,STORE_021,ROUTE_ZONE_01,Driver 21,2026-10-09T20:00:00+05:30,2026-10-09T22:00:00+05:30,500,SCHEDULED,SKU_COLD_DRINK_750ML,80
TRK_STANDARD_121,STORE_022,ROUTE_ZONE_02,Driver 22,2026-10-09T21:00:00+05:30,2026-10-09T23:00:00+05:30,500,SCHEDULED,SKU_COLD_DRINK_750ML,80
TRK_STANDARD_122,STORE_023,ROUTE_ZONE_03,Driver 23,2026-10-09T22:00:00+05:30,2026-10-10T00:00:00+05:30,500,SCHEDULED,SKU_COLD_DRINK_750ML,80
TRK_STANDARD_123,STORE_024,ROUTE_ZONE_04,Driver 24,2026-10-09T23:00:00+05:30,2026-10-10T01:00:00+05:30,500,SCHEDULED,SKU_COLD_DRINK_750ML,80
TRK_STANDARD_124,STORE_025,ROUTE_ZONE_05,Driver 25,2026-10-09T18:00:00+05:30,2026-10-09T20:00:00+05:30,500,SCHEDULED,SKU_COLD_DRINK_750ML,80
TRK_STANDARD_125,STORE_026,ROUTE_ZONE_01,Driver 26,2026-10-09T19:00:00+05:30,2026-10-09T21:00:00+05:30,500,SCHEDULED,SKU_COLD_DRINK_750ML,80
TRK_STANDARD_126,STORE_027,ROUTE_ZONE_02,Driver 27,2026-10-09T20:00:00+05:30,2026-10-09T22:00:00+05:30,500,SCHEDULED,SKU_COLD_DRINK_750ML,80
TRK_STANDARD_127,STORE_028,ROUTE_ZONE_03,Driver 28,2026-10-09T21:00:00+05:30,2026-10-09T23:00:00+05:30,500,SCHEDULED,SKU_COLD_DRINK_750ML,80
TRK_STANDARD_128,STORE_029,ROUTE_ZONE_04,Driver 29,2026-10-09T22:00:00+05:30,2026-10-10T00:00:00+05:30,500,SCHEDULED,SKU_COLD_DRINK_750ML,80
TRK_STANDARD_129,STORE_030,ROUTE_ZONE_05,Driver 30,2026-10-09T23:00:00+05:30,2026-10-10T01:00:00+05:30,500,SCHEDULED,SKU_COLD_DRINK_750ML,80
