warehouse_id,sku_id,available_stock_units,reserved_stock_units,free_stock_units
WH_CENTRAL_01,SKU_COLD_DRINK_750ML,2400,300,2100
WH_CENTRAL_01,SKU_DIET_HERBAL_TEA_250ML,571,295,276
WH_CENTRAL_01,SKU_ENERGY_DRINK_250ML,1500,200,1300
WH_CENTRAL_01,SKU_KALE_CHIPS_50G,1926,209,1717
WH_CENTRAL_01,SKU_CHIPS_100G,3330,235,3095
WH_CENTRAL_01,SKU_COLBEV_001,1069,276,793
WH_CENTRAL_01,SKU_COLBEV_002,2947,317,2630
WH_CENTRAL_01,SKU_COLBEV_003,3627,225,3402
WH_CENTRAL_01,SKU_COLBEV_004,1205,205,1000
WH_CENTRAL_01,SKU_COLBEV_005,617,110,507
WH_CENTRAL_01,SKU_COLBEV_006,1410,115,1295
WH_CENTRAL_01,SKU_COLBEV_007,3343,122,3221
WH_CENTRAL_01,SKU_COLBEV_008,3318,166,3152
WH_CENTRAL_01,SKU_COLBEV_009,1759,114,1645
WH_CENTRAL_01,SKU_COLBEV_010,1359,116,1243
WH_CENTRAL_01,SKU_COLBEV_011,821,267,554
WH_CENTRAL_01,SKU_COLBEV_012,3329,107,3222
WH_CENTRAL_01,SKU_COLBEV_013,818,59,759
WH_CENTRAL_01,SKU_COLBEV_014,3673,297,3376
WH_CENTRAL_01,SKU_HOTBEV_015,3602,270,3332
WH_CENTRAL_01,SKU_HOTBEV_016,674,150,524
WH_CENTRAL_01,SKU_HOTBEV_017,941,66,875
WH_CENTRAL_01,SKU_HOTBEV_018,3748,387,3361
WH_CENTRAL_01,SKU_HOTBEV_019,2603,353,2250
WH_CENTRAL_01,SKU_HOTBEV_020,742,290,452
WH_CENTRAL_01,SKU_HOTBEV_021,987,179,808
WH_CENTRAL_01,SKU_HOTBEV_022,677,83,594
WH_CENTRAL_01,SKU_HOTBEV_023,1735,391,1344
WH_CENTRAL_01,SKU_HOTBEV_024,542,99,443
WH_CENTRAL_01,SKU_HOTBEV_025,3704,113,3591
WH_CENTRAL_01,SKU_SNA&CHI_026,2964,155,2809
WH_CENTRAL_01,SKU_SNA&CHI_027,2906,152,2754
WH_CENTRAL_01,SKU_SNA&CHI_028,1256,393,863
WH_CENTRAL_01,SKU_SNA&CHI_029,1939,64,1875
WH_CENTRAL_01,SKU_SNA&CHI_030,871,124,747
WH_CENTRAL_01,SKU_SNA&CHI_031,3964,192,3772
WH_CENTRAL_01,SKU_SNA&CHI_032,2874,228,2646
WH_CENTRAL_01,SKU_SNA&CHI_033,1942,132,1810
WH_CENTRAL_01,SKU_SNA&CHI_034,2550,363,2187
WH_CENTRAL_01,SKU_SNA&CHI_035,1490,308,1182
WH_CENTRAL_01,SKU_SNA&CHI_036,2835,84,2751
WH_CENTRAL_01,SKU_SNA&CHI_037,905,346,559
WH_CENTRAL_01,SKU_SNA&CHI_038,3626,57,3569
WH_CENTRAL_01,SKU_INSMEA_039,2666,161,2505
WH_CENTRAL_01,SKU_INSMEA_040,3431,148,3283
WH_CENTRAL_01,SKU_INSMEA_041,1654,137,1517
WH_CENTRAL_01,SKU_INSMEA_042,3588,325,3263
WH_CENTRAL_01,SKU_INSMEA_043,517,100,417
WH_CENTRAL_01,SKU_INSMEA_044,1376,308,1068
WH_CENTRAL_01,SKU_INSMEA_045,3986,293,3693
WH_CENTRAL_01,SKU_INSMEA_046,2001,351,1650
WH_CENTRAL_01,SKU_INSMEA_047,1258,275,983
WH_CENTRAL_01,SKU_INSMEA_048,3258,104,3154
WH_CENTRAL_01,SKU_INSMEA_049,1240,231,1009
WH_CENTRAL_01,SKU_INSMEA_050,2054,267,1787
WH_CENTRAL_01,SKU_INSMEA_051,1377,313,1064
WH_CENTRAL_01,SKU_INSMEA_052,1432,258,1174
WH_CENTRAL_01,SKU_INSMEA_053,962,210,752
WH_CENTRAL_01,SKU_INSMEA_054,1006,288,718
WH_CENTRAL_01,SKU_GRO_055,951,316,635
WH_CENTRAL_01,SKU_GRO_056,1056,303,753
WH_CENTRAL_01,SKU_GRO_057,3622,234,3388
WH_CENTRAL_01,SKU_GRO_058,3386,197,3189
WH_CENTRAL_01,SKU_GRO_059,2782,70,2712
WH_CENTRAL_01,SKU_GRO_060,836,217,619
WH_CENTRAL_01,SKU_GRO_061,2522,109,2413
WH_CENTRAL_01,SKU_GRO_062,2076,195,1881
WH_CENTRAL_01,SKU_GRO_063,2371,357,2014
WH_CENTRAL_01,SKU_GRO_064,3515,209,3306
WH_CENTRAL_01,SKU_GRO_065,3314,277,3037
WH_CENTRAL_01,SKU_GRO_066,1425,333,1092
WH_CENTRAL_01,SKU_GRO_067,2168,198,1970
WH_CENTRAL_01,SKU_GRO_068,2252,146,2106
WH_CENTRAL_01,SKU_GRO_069,785,293,492
WH_CENTRAL_01,SKU_GRO_070,3281,238,3043
WH_CENTRAL_01,SKU_GRO_071,1234,56,1178
WH_CENTRAL_01,SKU_FRU&VEG_072,3261,301,2960
WH_CENTRAL_01,SKU_FRU&VEG_073,3252,103,3149
WH_CENTRAL_01,SKU_FRU&VEG_074,2123,274,1849
WH_CENTRAL_01,SKU_FRU&VEG_075,2640,387,2253
WH_CENTRAL_01,SKU_FRU&VEG_076,3271,93,3178
WH_CENTRAL_01,SKU_FRU&VEG_077,988,123,865
WH_CENTRAL_01,SKU_FRU&VEG_078,2117,255,1862
WH_CENTRAL_01,SKU_FRU&VEG_079,3346,352,2994
WH_CENTRAL_01,SKU_FRU&VEG_080,916,136,780
WH_CENTRAL_01,SKU_FRU&VEG_081,765,236,529
WH_CENTRAL_01,SKU_FRU&VEG_082,1315,223,1092
WH_CENTRAL_01,SKU_FRU&VEG_083,1320,354,966
WH_CENTRAL_01,SKU_FRU&VEG_084,3957,256,3701
WH_CENTRAL_01,SKU_FRU&VEG_085,1002,169,833
WH_CENTRAL_01,SKU_FRU&VEG_086,3932,267,3665
WH_CENTRAL_01,SKU_PERCAR_087,3470,305,3165
WH_CENTRAL_01,SKU_PERCAR_088,1640,347,1293
WH_CENTRAL_01,SKU_PERCAR_089,2931,189,2742
WH_CENTRAL_01,SKU_PERCAR_090,3597,379,3218
WH_CENTRAL_01,SKU_PERCAR_091,2139,232,1907
WH_CENTRAL_01,SKU_PERCAR_092,2448,391,2057
WH_CENTRAL_01,SKU_PERCAR_093,2970,257,2713
WH_CENTRAL_01,SKU_PERCAR_094,2484,311,2173
WH_CENTRAL_01,SKU_PERCAR_095,1642,125,1517
WH_CENTRAL_01,SKU_PERCAR_096,3645,282,3363
WH_CENTRAL_01,SKU_PERCAR_097,942,112,830
WH_CENTRAL_01,SKU_PERCAR_098,1526,300,1226
WH_CENTRAL_01,SKU_PERCAR_099,2536,168,2368
WH_CENTRAL_01,SKU_PERCAR_100,3073,118,2955
WH_CENTRAL_01,SKU_SWE_101,621,100,521
WH_CENTRAL_01,SKU_SWE_102,3522,77,3445
WH_CENTRAL_01,SKU_SWE_103,3900,84,3816
WH_CENTRAL_01,SKU_SWE_104,2540,397,2143
WH_CENTRAL_01,SKU_SWE_105,609,141,468
WH_CENTRAL_01,SKU_SWE_106,2067,359,1708
WH_CENTRAL_01,SKU_SWE_107,3282,217,3065
WH_CENTRAL_01,SKU_SWE_108,1125,205,920
WH_CENTRAL_01,SKU_SWE_109,3047,369,2678
WH_CENTRAL_01,SKU_SWE_110,894,89,805
WH_CENTRAL_01,SKU_GENERIC_SWE_116,3207,316,2891
WH_CENTRAL_01,SKU_GENERIC_COLBEV_117,3643,302,3341
WH_CENTRAL_01,SKU_GENERIC_HOTBEV_118,3747,288,3459
WH_CENTRAL_01,SKU_GENERIC_SNA&CHI_119,1327,200,1127
WH_CENTRAL_01,SKU_GENERIC_INSMEA_120,3211,304,2907
WH_CENTRAL_01,SKU_GENERIC_DAI&BAK_121,2508,308,2200
WH_CENTRAL_01,SKU_GENERIC_GRO_122,1571,327,1244
WH_CENTRAL_01,SKU_GENERIC_FRU&VEG_123,1907,326,1581
WH_CENTRAL_01,SKU_GENERIC_PERCAR_124,2738,59,2679
WH_CENTRAL_01,SKU_GENERIC_SWE_125,3629,66,3563
WH_CENTRAL_01,SKU_GENERIC_COLBEV_126,2262,110,2152
WH_CENTRAL_01,SKU_GENERIC_HOTBEV_127,2071,280,1791
WH_CENTRAL_01,SKU_GENERIC_SNA&CHI_128,1788,242,1546
WH_CENTRAL_01,SKU_GENERIC_INSMEA_129,2312,285,2027
WH_CENTRAL_01,SKU_GENERIC_DAI&BAK_130,647,66,581
WH_CENTRAL_01,SKU_GENERIC_GRO_131,1224,335,889
WH_CENTRAL_01,SKU_GENERIC_FRU&VEG_132,3200,205,2995
WH_CENTRAL_01,SKU_GENERIC_PERCAR_133,3392,134,3258
WH_CENTRAL_01,SKU_GENERIC_SWE_134,2513,270,2243
WH_CENTRAL_01,SKU_GENERIC_COLBEV_135,1050,209,841
WH_CENTRAL_01,SKU_GENERIC_HOTBEV_136,3431,249,3182
WH_CENTRAL_01,SKU_GENERIC_SNA&CHI_137,2496,106,2390
WH_CENTRAL_01,SKU_GENERIC_INSMEA_138,2830,395,2435
WH_CENTRAL_01,SKU_GENERIC_DAI&BAK_139,2509,387,2122
WH_CENTRAL_01,SKU_GENERIC_GRO_140,2768,400,2368
WH_CENTRAL_01,SKU_GENERIC_FRU&VEG_141,2709,342,2367
WH_CENTRAL_01,SKU_GENERIC_PERCAR_142,2424,293,2131
WH_CENTRAL_01,SKU_GENERIC_SWE_143,2802,130,2672
WH_CENTRAL_01,SKU_GENERIC_COLBEV_144,2575,78,2497
WH_CENTRAL_01,SKU_GENERIC_HOTBEV_145,2103,184,1919
WH_CENTRAL_01,SKU_GENERIC_SNA&CHI_146,2526,352,2174
WH_CENTRAL_01,SKU_GENERIC_INSMEA_147,2047,365,1682
WH_CENTRAL_01,SKU_GENERIC_DAI&BAK_148,3270,230,3040
WH_CENTRAL_01,SKU_GENERIC_GRO_149,3639,195,3444
WH_CENTRAL_01,SKU_GENERIC_FRU&VEG_150,1812,81,1731
